raw_text,citation_type,title,authors,year,journal,volume,issue,pages,doi,isbn,book_title,publisher,url,date_accessed,verification_status,confidence,matched_title,matched_authors,matched_venue,matched_doi,source_url,source,notes,elapsed_seconds,input_tokens,output_tokens,web_search_calls,token_cost_usd,web_search_cost_usd,cost_usd
"[1] Kumar, P., Debele, S.E., Khalili, S., Halios, C.H., Sahani, J., Aghamohammadi,
N., Fatima Andrade, M., Athanassiadou, M., Bhui, K., Calvillo, N., et al.: Urban
heat mitigation by green and blue infrastructure: Drivers, effectiveness, and
future needs. The Innovation 5(2) (2024) https://doi.org/10.1016/j.xinn.2024.
100588",journal_article,"Urban heat mitigation by green and blue infrastructure: Drivers, effectiveness, and future needs",P. Kumar | S.E. Debele | S. Khalili | C.H. Halios | J. Sahani | N. Aghamohammadi | M. Fatima Andrade | M. Athanassiadou | K. Bhui | N. Calvillo | et al.,2024,The Innovation,5,2,,10.1016/j.xinn.2024.100588,,,,,,verified,0.99,"Urban heat mitigation by green and blue infrastructure: Drivers, effectiveness, and future needs",Prashant Kumar | Sisay E. Debele | Soheila Khalili | Christos H. Halios | Jeetendra Sahani | Nasrin Aghamohammadi | Maria de Fatima Andrade | Maria Athanassiadou | Kamaldeep Bhui | Nerea Calvillo | Shi-Jie Cao | Frederic Coulon | Jill L. Edmondson | David Fletcher | Edmilson Dias de Freitas | Hai Guo | Matthew C. Hort | Madhusudan Katti | Thomas Rodding Kjeldsen | Steffen Lehmann | Giuliano Maselli Locosselli | Shelagh K. Malham | Lidia Morawska | Rajan Parajuli | Christopher D.F. Rogers | Runming Yao | Fang Wang | Jannis Wenk | Laurence Jones,The Innovation,10.1016/j.xinn.2024.100588,https://doi.org/10.1016/j.xinn.2024.100588,crossref_doi_static,Verified via static CrossRef DOI lookup (score: 0.99),34.8,0,0,0,0.0,0.0,0.0
"[2] Qi, J., Ding, L., Lim, S.: A decision-making framework to support urban heat
mitigation by local governments. Resources, Conservation and Recycling 184,
106420 (2022) https://doi.org/10.1016/j.resconrec.2022.106420",journal_article,A decision-making framework to support urban heat mitigation by local governments,J. Qi | L. Ding | S. Lim,2022,"Resources, Conservation and Recycling",184,,106420,10.1016/j.resconrec.2022.106420,,,,,,verified,1.0,A Decision-Making Framework to Support Urban Heat Mitigation by Local Governments,Jinda Qi | Lan Ding | Samsung Lim,"Resources, Conservation and Recycling",10.1016/j.resconrec.2022.106420,https://doi.org/10.1016/j.resconrec.2022.106420,crossref_doi_static,Verified via static CrossRef DOI lookup (score: 1.00),35.11,0,0,0,0.0,0.0,0.0
"[3] Memon, R.A., Leung, D.Y., Liu, C.-H.: An investigation of urban heat island
intensity (UHII) as an indicator of urban heating. Atmospheric Research 94(3),
491-500 (2009) https://doi.org/10.1016/j.atmosres.2009.07.006",journal_article,An investigation of urban heat island intensity (UHII) as an indicator of urban heating,R.A. Memon | D.Y. Leung | C.-H. Liu,2009,Atmospheric Research,94,3,491-500,10.1016/j.atmosres.2009.07.006,,,,,,verified,1.0,An investigation of urban heat island intensity (UHII) as an indicator of urban heating,Rizwan Ahmed Memon | Dennis Y.C. Leung | Chun-Ho Liu,Atmospheric Research,10.1016/j.atmosres.2009.07.006,https://doi.org/10.1016/j.atmosres.2009.07.006,crossref_doi_static,Verified via static CrossRef DOI lookup (score: 1.00),35.45,0,0,0,0.0,0.0,0.0
"[4] Bureau, U.S.C.: 2020 Census Urban Areas Facts. Accessed on 6 August
2025 (2023). https://www.census.gov/programs-surveys/geography/guidance/
geo-areas/urban-rural/2020-ua-facts.html",web,2020 Census Urban Areas Facts,U.S.C. Bureau,2023,,,,,,,,,https://www.census.gov/programs-surveys/geography/guidance/geo-areas/urban-rural/2020-ua-facts.html,,verified,0.99,2020 Census Urban Areas Facts,United States Census Bureau,United States Census Bureau website,,https://www.census.gov/programs-surveys/geography/guidance/geo-areas/urban-rural/2020-ua-facts.html,United States Census Bureau,"The cited URL was fetched and displays the exact title “2020 Census Urban Areas Facts,” identifies the United States Census Bureau, and states “Updated June 2023” for the page’s data. The agency page itself is primary evidence confirming the cited web resource. Title comparison: exact match. Venue comparison: the cited Census Bureau URL is the official agency page. Author comparison: “Bureau, U.S.C.” is a nonstandard ordering/abbreviation of the same agency name, not a different author. The citation’s 2023 date is supported by the page’s June 2023 update note; the page also shows a later revision date, which does not negate the cited date.",150.53,37217,496,1,0.001114,0.003,0.004114
"[5] Rizwan, A.M., Dennis, L.Y., et al.: A review on the generation, determination
and mitigation of Urban Heat Island. Journal of environmental sciences 20(1),
120-128 (2008) https://doi.org/10.1016/S1001-0742(08)60019-4",journal_article,"A review on the generation, determination and mitigation of Urban Heat Island",A.M. Rizwan | L.Y. Dennis | et al.,2008,Journal of environmental sciences,20,1,120-128,10.1016/S1001-0742(08)60019-4,,,,,,verified,0.99,"A review on the generation, determination and mitigation of Urban Heat Island",Ahmed Memon RIZWAN | Leung Y.C. DENNIS | Chunho LIU,Journal of Environmental Sciences,10.1016/s1001-0742(08)60019-4,https://doi.org/10.1016/s1001-0742(08)60019-4,crossref_doi_static,Verified via static CrossRef DOI lookup (score: 0.99),36.1,0,0,0,0.0,0.0,0.0
"[6] Wolch, J.R., Byrne, J., Newell, J.P.: Urban green space, public health, and envi￾ronmental justice: The challenge of making cities ‘just green enough’. Landscape
and urban planning 125, 234-244 (2014) https://doi.org/10.1016/j.landurbplan.
2014.01.017",journal_article,"Urban green space, public health, and environmental justice: The challenge of making cities ‘just green enough’",J.R. Wolch | J. Byrne | J.P. Newell,2014,Landscape and urban planning,125,,234-244,10.1016/j.landurbplan.2014.01.017,,,,,,verified,1.0,"Urban green space, public health, and environmental justice: The challenge of making cities ‘just green enough’",Jennifer R. Wolch | Jason Byrne | Joshua P. Newell,Landscape and Urban Planning,10.1016/j.landurbplan.2014.01.017,https://doi.org/10.1016/j.landurbplan.2014.01.017,crossref_doi_static,Verified via static CrossRef DOI lookup (score: 1.00),36.46,0,0,0,0.0,0.0,0.0
"[7] Chakraborty, T., Newman, A.J., Qian, Y., Hsu, A., Sheriff, G.: Residential seg￾regation and outdoor urban moist heat stress disparities in the United States.
One Earth 6(6), 738-750 (2023) https://doi.org/10.1016/j.oneear.2023.05.016",journal_article,Residential segregation and outdoor urban moist heat stress disparities in the United States,T. Chakraborty | A.J. Newman | Y. Qian | A. Hsu | G. Sheriff,2023,One Earth,6,6,738-750,10.1016/j.oneear.2023.05.016,,,,,,verified,1.0,Residential segregation and outdoor urban moist heat stress disparities in the United States,TC Chakraborty | Andrew J. Newman | Yun Qian | Angel Hsu | Glenn Sheriff,One Earth,10.1016/j.oneear.2023.05.016,https://doi.org/10.1016/j.oneear.2023.05.016,crossref_doi_static,Verified via static CrossRef DOI lookup (score: 1.00),36.78,0,0,0,0.0,0.0,0.0
"[8] Mitchell, B.C., Chakraborty, J.: Landscapes of thermal inequity: dispropor￾tionate exposure to urban heat in the three largest US cities. Environmental
Research Letters 10(11), 115005 (2015) https://doi.org/10.1088/1748-9326/10/
11/115005",journal_article,Landscapes of thermal inequity: disproportionate exposure to urban heat in the three largest US cities,B.C. Mitchell | J. Chakraborty,2015,Environmental Research Letters,10,11,115005,10.1088/1748-9326/10/11/115005,,,,,,verified,1.0,Landscapes of thermal inequity: disproportionate exposure to urban heat in the three largest US cities,Bruce C Mitchell | Jayajit Chakraborty,Environmental Research Letters,10.1088/1748-9326/10/11/115005,https://doi.org/10.1088/1748-9326/10/11/115005,crossref_doi_static,Verified via static CrossRef DOI lookup (score: 1.00),37.12,0,0,0,0.0,0.0,0.0
"[9] Molina, M.J., O’Brien, T.A., Anderson, G., Ashfaq, M., Bennett, K.E., Collins,
W.D., Dagon, K., Restrepo, J.M., Ullrich, P.A.: A review of recent and emerging
machine learning applications for climate variability and weather phenomena.
Artificial Intelligence for the Earth Systems 2(4), 220086 (2023) https://doi.org/
10.1175/AIES-D-22-0086.1",journal_article,A review of recent and emerging machine learning applications for climate variability and weather phenomena,M.J. Molina | T.A. O’Brien | G. Anderson | M. Ashfaq | K.E. Bennett | W.D. Collins | K. Dagon | J.M. Restrepo | P.A. Ullrich,2023,Artificial Intelligence for the Earth Systems,2,4,220086,10.1175/AIES-D-22-0086.1,,,,,,verified,1.0,A Review of Recent and Emerging Machine Learning Applications for Climate Variability and Weather Phenomena,Maria J. Molina | Travis A. O’Brien | Gemma Anderson | Moetasim Ashfaq | Katrina E. Bennett | William D. Collins | Katherine Dagon | Juan M. Restrepo | Paul A. Ullrich,Artificial Intelligence for the Earth Systems,10.1175/aies-d-22-0086.1,https://doi.org/10.1175/aies-d-22-0086.1,crossref_doi_static,Verified via static CrossRef DOI lookup (score: 1.00),37.46,0,0,0,0.0,0.0,0.0
"[10] Mohamed, O.Y., Zahidi, I.: Artificial intelligence for predicting urban heat island
effect and optimising land use/land cover for mitigation: Prospects and recent
advancements. Urban Climate 55, 101976 (2024) https://doi.org/10.1016/j.
uclim.2024.101976",journal_article,Artificial intelligence for predicting urban heat island effect and optimising land use/land cover for mitigation: Prospects and recent advancements,O.Y. Mohamed | I. Zahidi,2024,Urban Climate,55,101976,,10.1016/j.uclim.2024.101976,,,,,,verified,1.0,Artificial intelligence for predicting urban heat island effect and optimising land use/land cover for mitigation: Prospects and recent advancements,Omar Y.A. Mohamed | Izni Zahidi,Urban Climate,10.1016/j.uclim.2024.101976,https://doi.org/10.1016/j.uclim.2024.101976,crossref_doi_static,Verified via static CrossRef DOI lookup (score: 1.00),37.78,0,0,0,0.0,0.0,0.0
"[11] Ahmed, A.N., AlDahoul, N., Aziz, N.A., Huang, Y., Sherif, M., El-Shafie, A.:
The urban heat Island effect: A review on predictive approaches using artificial
intelligence models. City and Environment Interactions, 100234 (2025) https:
//doi.org/10.1016/j.cacint.2025.100234",journal_article,The urban heat Island effect: A review on predictive approaches using artificial intelligence models,A.N. Ahmed | N. AlDahoul | N.A. Aziz | Y. Huang | M. Sherif | A. El-Shafie,2025,City and Environment Interactions,,100234,,10.1016/j.cacint.2025.100234,,,,,,verified,1.0,The urban heat Island effect: A review on predictive approaches using artificial intelligence models,Ali Najah Ahmed | Nouar AlDahoul | Nurhanani A. Aziz | Y.F. Huang | Mohsen Sherif | Ahmed El-Shafie,City and Environment Interactions,10.1016/j.cacint.2025.100234,https://doi.org/10.1016/j.cacint.2025.100234,crossref_doi_static,Verified via static CrossRef DOI lookup (score: 1.00),38.13,0,0,0,0.0,0.0,0.0
"[12] Young, N.E., Anderson, R.S., Chignell, S.M., Vorster, A.G., Lawrence, R., Evan￾gelista, P.H.: A survival guide to Landsat preprocessing. Ecology 98(4), 920-932
(2017) https://doi.org/10.1002/ecy.1730",journal_article,A survival guide to Landsat preprocessing,N.E. Young | R.S. Anderson | S.M. Chignell | A.G. Vorster | R. Lawrence | P.H. Evangelista,2017,Ecology,98,4,920-932,10.1002/ecy.1730,,,,,,verified,1.0,A survival guide to Landsat preprocessing,Nicholas E. Young | Ryan S. Anderson | Stephen M. Chignell | Anthony G. Vorster | Rick Lawrence | Paul H. Evangelista,Ecology,10.1002/ecy.1730,https://doi.org/10.1002/ecy.1730,crossref_doi_static,Verified via static CrossRef DOI lookup (score: 1.00),38.44,0,0,0,0.0,0.0,0.0
"[13] Wang, J., Legner, C.: What Makes Data AI-Ready? ECIS 2025 TREOs (2025)",conference_paper,What Makes Data AI-Ready?,J. Wang | C. Legner,2025,ECIS,,TREOs,,,,,,,,verified,1.0,What Makes Data AI-Ready?,Jingyang Wang | Christine Legner,ECIS 2025 TREOs,,https://aisel.aisnet.org/treos_ecis2025/39,AIS Electronic Library (AISeL),"Verified against the AIS Electronic Library (AISeL) publisher/repository record and the full official paper. The record identifies the title, both authors, and the venue as ECIS 2025 TREOs; its recommended citation gives 2025 and item 39. The cited author initials and venue wording are consistent with that record. No DOI is listed in the inspected records.",165.75,54672,430,1,0.001252,0.003,0.004252
"[14] Scheffler, D., Frantz, D., Segl, K.: Spectral harmonization and red edge pre￾diction of Landsat-8 to Sentinel-2 using land cover optimized multivariate
regressors. Remote Sensing of Environment 241, 111723 (2020) https://doi.org/10.1016/j.rse.2020.111723",journal_article,Spectral harmonization and red edge prediction of Landsat-8 to Sentinel-2 using land cover optimized multivariate regressors,D. Scheffler | D. Frantz | K. Segl,2020,Remote Sensing of Environment,241,111723,,10.1016/j.rse.2020.111723,,,,,,verified,1.0,Spectral harmonization and red edge prediction of Landsat-8 to Sentinel-2 using land cover optimized multivariate regressors,Daniel Scheffler | David Frantz | Karl Segl,Remote Sensing of Environment,10.1016/j.rse.2020.111723,https://doi.org/10.1016/j.rse.2020.111723,crossref_doi_static,Verified via static CrossRef DOI lookup (score: 1.00),39.1,0,0,0,0.0,0.0,0.0
"[15] Wilkinson, M.D., Dumontier, M., Aalbersberg, I.J., Appleton, G., Axton, M.,
Baak, A., Blomberg, N., Boiten, J.-W., Silva Santos, L.B., Bourne, P.E., et al.:
The FAIR Guiding Principles for scientific data management and stewardship.
Scientific data 3(1), 1-9 (2016) https://doi.org/10.1038/sdata.2016.18",journal_article,The FAIR Guiding Principles for scientific data management and stewardship,M.D. Wilkinson | M. Dumontier | I.J. Aalbersberg | G. Appleton | M. Axton | A. Baak | N. Blomberg | J.-W. Boiten | L.B. Silva Santos | P.E. Bourne | et al.,2016,Scientific data,3,1,1-9,10.1038/sdata.2016.18,,,,,,verified,0.99,The FAIR Guiding Principles for scientific data management and stewardship,Mark D. Wilkinson | Michel Dumontier | IJsbrand Jan Aalbersberg | Gabrielle Appleton | Myles Axton | Arie Baak | Niklas Blomberg | Jan-Willem Boiten | Luiz Bonino da Silva Santos | Philip E. Bourne | Jildau Bouwman | Anthony J. Brookes | Tim Clark | Mercè Crosas | Ingrid Dillo | Olivier Dumon | Scott Edmunds | Chris T. Evelo | Richard Finkers | Alejandra Gonzalez-Beltran | Alasdair J.G. Gray | Paul Groth | Carole Goble | Jeffrey S. Grethe | Jaap Heringa | Peter A.C ’t Hoen | Rob Hooft | Tobias Kuhn | Ruben Kok | Joost Kok | Scott J. Lusher | Maryann E. Martone | Albert Mons | Abel L. Packer | Bengt Persson | Philippe Rocca-Serra | Marco Roos | Rene van Schaik | Susanna-Assunta Sansone | Erik Schultes | Thierry Sengstag | Ted Slater | George Strawn | Morris A. Swertz | Mark Thompson | Johan van der Lei | Erik van Mulligen | Jan Velterop | Andra Waagmeester | Peter Wittenburg | Katherine Wolstencroft | Jun Zhao | Barend Mons,Scientific Data,10.1038/sdata.2016.18,https://doi.org/10.1038/sdata.2016.18,crossref_doi_static,Verified via static CrossRef DOI lookup (score: 0.99),39.45,0,0,0,0.0,0.0,0.0
"[16] Verhulst, S., Zahuranec, A.J., Chafetz, H.: Moving Toward the FAIR-R princi￾ples: Advancing AI-Ready Data. Available at SSRN (2025) https://doi.org/10.
2139/ssrn.5164337",working_paper,Moving Toward the FAIR-R principles: Advancing AI-Ready Data,S. Verhulst | A.J. Zahuranec | H. Chafetz,2025,SSRN,,5164337,Available at SSRN,,,,,,,verified,1.0,Moving Toward the FAIR-R principles: Advancing AI-Ready Data,Stefaan Verhulst | Andrew Zahuranec | Hannah Chafetz,,10.2139/ssrn.5164337,https://doi.org/10.2139/ssrn.5164337,crossref_title_static,Verified via static CrossRef title search (score: 1.00),40.37,0,0,0,0.0,0.0,0.0
"[17] ESIP: Are Your Data Ready? Take Stock with ESIP’s New AI-Ready
Checklist. Accessed on 6 August 2025 (2022). https://www.esipfed.org/
37
checklist-ai-ready-data/",web,Are Your Data Ready? Take Stock with ESIP’s New AI-Ready Checklist,ESIP,2022,,,,,,,,,https://www.esipfed.org/checklist-ai-ready-data/,,verified,0.99,Are Your Data Ready? Take Stock with ESIP’s New AI-Ready Checklist,Allison Mills | Jennifer Fulford | Data Readiness Cluster participants,ESIP,,https://www.esipfed.org/checklist-ai-ready-data/,ESIP (publisher page),"The cited URL was fetched and displays the specific ESIP article, dated July 6, 2022. Its title and year match the citation. The publisher page gives Allison Mills as the byline and states that the post was co-written by the Data Readiness Cluster participants, Allison Mills, and Jennifer Fulford. “ESIP” is consistent with the organizational publisher/attribution, not a contradictory author identity. No substantive citation error identified.",152.42,36924,492,1,0.001084,0.003,0.004084
"[18] Brown, C., Kazmierski, M., V, P.: AlphaEarth Foundations: An embedding field
model for accurate and efficient global mapping from sparse label data (2025)
https://doi.org/10.48550/arXiv.2507.22291",working_paper,AlphaEarth Foundations: An embedding field model for accurate and efficient global mapping from sparse label data,C. Brown | M. Kazmierski | P. V,2025,arXiv preprint,,2507.22291,,10.48550/arXiv.2507.22291,,,,,,minor_error,1.0,AlphaEarth Foundations: An embedding field model for accurate and efficient global mapping from sparse label data,Christopher F. Brown | Michal R. Kazmierski | Valerie J. Pasquarella | William J. Rucklidge | Masha Samsikova | Chenhui Zhang | Evan Shelhamer | Estefania Lahera | Olivia Wiles | Simon Ilyushchenko | Noel Gorelick | Lihui Lydia Zhang | Sophia Alj | Emily Schechter | Sean Askay | Oliver Guinan | Rebecca Moore | Alexis Boukouvalas | Pushmeet Kohli,arXiv,10.48550/arXiv.2507.22291,https://arxiv.org/abs/2507.22291,arxiv_static,"CrossRef arxiv_static matches title/DOI (score: 1.00), but cited author identities disagree with the official list. Unmatched cited author(s): P. V. Official authors: Christopher F. Brown, Michal R. Kazmierski, Valerie J. Pasquarella, William J. Rucklidge, Masha Samsikova, Chenhui Zhang, Evan Shelhamer, Estefania Lahera, Olivia Wiles, Simon Ilyushchenko, Noel Gorelick, Lihui Lydia Zhang, Sophia Alj, Emily Schechter, Sean Askay, Oliver Guinan, Rebecca Moore, Alexis Boukouvalas, Pushmeet Kohli.",152.48,0,0,0,0.0,0.0,0.0
"[19] Feng, Z., Atzberger, C., Jaffer, S., Knezevic, J., Sormunen, S., Young, R., Lisaius,
M.C., Immitzer, M., Jackson, T., Ball, J., et al.: Tessera: Temporal embed￾dings of surface spectra for earth representation and analysis. arXiv preprint
arXiv:2506.20380 (2025) https://doi.org/10.48550/arXiv.2506.20380",working_paper,Tessera: Temporal embeddings of surface spectra for earth representation and analysis,Z. Feng | C. Atzberger | S. Jaffer | J. Knezevic | S. Sormunen | R. Young | M.C. Lisaius | M. Immitzer | T. Jackson | J. Ball | et al.,2025,arXiv preprint,,2506.2038,,10.48550/arXiv.2506.20380,,,,,,hallucination,0.99,TESSERA: Temporal Embeddings of Surface Spectra for Earth Representation and Analysis,Frank Feng | Clement Atzberger | Sadiq Jaffer | Jovana Knezevic | Silja Sormunen | Robin Young | Madeline Lisaius | Markus Immitzer | David Coomes | Anil Madhavapeddy | Andrew Blake | Srinivasan Keshav,,10.59350/w3ztb-v2h09,https://doi.org/10.59350/w3ztb-v2h09,crossref_title_static,"Static CrossRef title search found this exact title by different authors (Frank Feng, Clement Atzberger, Sadiq Jaffer, Jovana Knezevic) in another venue; the cited authors and venue do not match that record. Cited DOI (10.48550/arXiv.2506.20380) vs CrossRef DOI (10.59350/w3ztb-v2h09). Metadata chimera: real title/author shell with fabricated serial coordinates and/or wrong DOI — not a verified citation of the matched work.",71.92,0,0,0,0.0,0.0,0.0
"[20] McPherson, R.A., Fiebrich, C.A., Crawford, K.C., Kilby, J.R., Grimsley, D.L.,
Martinez, J.E., Basara, J.B., Illston, B.G., Morris, D.A., Kloesel, K.A., et al.:
Statewide monitoring of the mesoscale environment: A technical update on the
Oklahoma Mesonet. Journal of Atmospheric and Oceanic Technology 24(3),
301-321 (2007) https://doi.org/10.1175/JTECH1976.1",journal_article,Statewide monitoring of the mesoscale environment: A technical update on the Oklahoma Mesonet,R.A. McPherson | C.A. Fiebrich | K.C. Crawford | J.R. Kilby | D.L. Grimsley | J.E. Martinez | J.B. Basara | B.G. Illston | D.A. Morris | K.A. Kloesel | et al.,2007,Journal of Atmospheric and Oceanic Technology,24,3,301-321,,,,,,,verified,0.99,Statewide Monitoring of the Mesoscale Environment: A Technical Update on the Oklahoma Mesonet,Renee A. McPherson | Christopher A. Fiebrich | Kenneth C. Crawford | James R. Kilby | David L. Grimsley | Janet E. Martinez | Jeffrey B. Basara | Bradley G. Illston | Dale A. Morris | Kevin A. Kloesel | Andrea D. Melvin | Himanshu Shrivastava | J. Michael Wolfinbarger | Jared P. Bostic | David B. Demko | Ronald L. Elliott | Stephen J. Stadler | J. D. Carlson | Albert J. Sutherland,Journal of Atmospheric and Oceanic Technology,10.1175/jtech1976.1,https://doi.org/10.1175/jtech1976.1,crossref_title_static,Verified via static CrossRef title search (score: 0.99),41.7,0,0,0,0.0,0.0,0.0
"[21] Brotzge, J.A., Wang, J., Thorncroft, C., Joseph, E., Bain, N., Bassill, N., Far￾ruggio, N., Freedman, J., Hemker Jr, K., Johnston, D., et al.: A technical
overview of the New York State Mesonet standard network. Journal of Atmo￾spheric and Oceanic Technology 37(10), 1827-1845 (2020) https://doi.org/10.
1175/JTECH-D-19-0220.1",journal_article,A technical overview of the New York State Mesonet standard network,J.A. Brotzge | J. Wang | C. Thorncroft | E. Joseph | N. Bain | N. Bassill | N. Farruggio | J. Freedman | K. Hemker Jr | D. Johnston | et al.,2020,Journal of Atmospheric and Oceanic Technology,37,10,1827-1845,,,,,,,verified,0.99,A Technical Overview of the New York State Mesonet Standard Network,J. A. Brotzge | J. Wang | C. D. Thorncroft | E. Joseph | N. Bain | N. Bassill | N. Farruggio | J. M. Freedman | K. Hemker | D. Johnston | E. Kane | S. McKim | S. Miller | J. R. Minder | P. Naples | S. Perez | J. J. Schwab | M. J. Schwab | J. Sicker,Journal of Atmospheric and Oceanic Technology,10.1175/JTECH-D-19-0220.1,https://journals.ametsoc.org/view/journals/atot/37/10/jtech-d-19-0220.1.xml,American Meteorological Society (publisher),"The American Meteorological Society publisher article page was fetched and inspected; it identifies the cited article by title and provides the article text. Search results for that publisher record confirm the citation coordinates: Journal of Atmospheric and Oceanic Technology, volume 37, issue 10, pages 1827–1845 (2020), and DOI 10.1175/JTECH-D-19-0220.1. The DOI landing URL fetch itself returned no content, but publisher-page evidence and the publisher-indexed result support the match. Title comparison: exact title apart from capitalization. Venue comparison: same journal. Authors: cited names match the official author sequence, with “et al.” correctly covering the additional coauthors. No substantive error found.",170.19,64238,770,1,0.003676,0.0035,0.007176
"[22] Good, E.J., Ghent, D.J., Bulgin, C.E., Remedios, J.J.: A spatiotemporal anal￾ysis of the relationship between near-surface air temperature and satellite land
surface temperatures using 17 years of data from the ATSR series. Journal of
Geophysical Research: Atmospheres 122(17), 9185-9210 (2017) https://doi.org/
10.1002/2017JD026880",journal_article,A spatiotemporal analysis of the relationship between near-surface air temperature and satellite land surface temperatures using 17 years of data from the ATSR series,E.J. Good | D.J. Ghent | C.E. Bulgin | J.J. Remedios,2017,Journal of Geophysical Research: Atmospheres,122,17,9185-9210,,,,,,,verified,1.0,A spatiotemporal analysis of the relationship between near‐surface air temperature and satellite land surface temperatures using 17 years of data from the ATSR series,Elizabeth J. Good | Darren J. Ghent | Claire E. Bulgin | John J. Remedios,Journal of Geophysical Research: Atmospheres,10.1002/2017jd026880,https://doi.org/10.1002/2017jd026880,crossref_title_static,Verified via static CrossRef title search (score: 1.00),42.52,0,0,0,0.0,0.0,0.0
"[23] Nascimento, A.C.L., Galvani, E., Gobo, J.P.A., Wollmann, C.A.: Comparison
between air temperature and land surface temperature for the city of S˜ao Paulo, Brazil. Atmosphere 13(3), 491 (2022) https://doi.org/10.3390/atmos13030491",journal_article,"Comparison between air temperature and land surface temperature for the city of São Paulo, Brazil",A.C.L. Nascimento | E. Galvani | J.P.A. Gobo | C.A. Wollmann,2022,Atmosphere,13,3,491,,,,,,,verified,1.0,"Comparison between Air Temperature and Land Surface Temperature for the City of São Paulo, Brazil",Augusto Cezar Lima do Nascimento | Emerson Galvani | João Paulo Assis Gobo | Cássio Arthur Wollmann,Atmosphere,10.3390/atmos13030491,https://doi.org/10.3390/atmos13030491,crossref_title_static,Verified via static CrossRef title search (score: 1.00),42.77,0,0,0,0.0,0.0,0.0
"[24] Naserikia, M., Hart, M.A., Nazarian, N., Bechtel, B., Lipson, M., Nice, K.A.:
Land surface and air temperature dynamics: The role of urban form and season￾ality. Science of The Total Environment 905, 167306 (2023) https://doi.org/10.
1016/j.scitotenv.2023.167306",journal_article,Land surface and air temperature dynamics: The role of urban form and seasonality,M. Naserikia | M.A. Hart | N. Nazarian | B. Bechtel | M. Lipson | K.A. Nice,2023,Science of The Total Environment,905,,167306,,,,,,,verified,1.0,Land surface and air temperature dynamics: The role of urban form and seasonality,Marzie Naserikia | Melissa A. Hart | Negin Nazarian | Benjamin Bechtel | Mathew Lipson | Kerry A. Nice,Science of The Total Environment,10.1016/j.scitotenv.2023.167306,https://doi.org/10.1016/j.scitotenv.2023.167306,crossref_title_static,Verified via static CrossRef title search (score: 1.00),43.08,0,0,0,0.0,0.0,0.0
"[25] Anderson, C.: Landsat 8-9 Calibration and Validation (Cal/Val) Algorithm
Description Document (ADD). Technical report, United States Geological
Survey (2025)",book,Landsat 8-9 Calibration and Validation (Cal/Val) Algorithm Description Document (ADD),C. Anderson,2025,,,,,,,,United States Geological Survey,,,minor_error,0.94,Landsat 8-9 Calibration Validation Algorithm Description Document,Landsat Missions,U.S. Geological Survey,,https://www.usgs.gov/media/files/landsat-8-9-calibration-validation-algorithm-description-document,U.S. Geological Survey,"The official USGS page directly confirms the document and identifies its current PDF as version 5; its page date is 2025-04-02 (updated 2026-08-21). Its title differs from the cited title only by omitting “and” and the parenthetical “(Cal/Val)” in the page heading; the detailed description uses the expanded title. The official linked version 4 PDF gives Cody Anderson as document owner but dates that version January 2021. The cited 2025 year is supported by the USGS page, while the citation's author form C. Anderson is not established as the author of that 2025 version; the page credits “Landsat Missions.” This is the same underlying USGS document, with a concrete author-attribution discrepancy, so minor_error.",158.93,51324,630,1,0.00243,0.003,0.00543
"[26] Wang, L., Lu, Y., Yao, Y.: Comparison of three algorithms for the retrieval of
land surface temperature from Landsat 8 images. Sensors 19(22), 5049 (2019)
https://doi.org/10.3390/s19225049",journal_article,Comparison of three algorithms for the retrieval of land surface temperature from Landsat 8 images,L. Wang | Y. Lu | Y. Yao,2019,Sensors,19,22,5049,,,,,,,verified,1.0,Comparison of Three Algorithms for the Retrieval of Land Surface Temperature from Landsat 8 Images,Lei Wang | Yao Lu | Yunlong Yao,Sensors,10.3390/s19225049,https://doi.org/10.3390/s19225049,crossref_title_static,Verified via static CrossRef title search (score: 1.00),43.29,0,0,0,0.0,0.0,0.0
"[27] Malakar, N.K., Hulley, G.C., Hook, S.J., Laraby, K., Cook, M., Schott, J.R.:
38
An operational land surface temperature product for Landsat thermal data:
Methodology and validation. IEEE Transactions on Geoscience and Remote
Sensing 56(10), 5717-5735 (2018) https://doi.org/10.1109/TGRS.2018.2824828",journal_article,An operational land surface temperature product for Landsat thermal data: Methodology and validation,N.K. Malakar | G.C. Hulley | S.J. Hook | K. Laraby | M. Cook | J.R. Schott,2018,IEEE Transactions on Geoscience and Remote Sensing,56,10,5717-5735,,,,,,,verified,1.0,An Operational Land Surface Temperature Product for Landsat Thermal Data: Methodology and Validation,Nabin K. Malakar | Glynn C. Hulley | Simon J. Hook | Kelly Laraby | Monica Cook | John R. Schott,IEEE Transactions on Geoscience and Remote Sensing,10.1109/tgrs.2018.2824828,https://doi.org/10.1109/tgrs.2018.2824828,crossref_title_static,Verified via static CrossRef title search (score: 1.00),43.93,0,0,0,0.0,0.0,0.0
"[28] Parastatidis, D., Mitraka, Z., Chrysoulakis, N., Abrams, M.: Online global
land surface temperature estimation from Landsat. Remote sensing 9(12), 1208
(2017) https://doi.org/10.3390/rs9121208",journal_article,Online global land surface temperature estimation from Landsat,D. Parastatidis | Z. Mitraka | N. Chrysoulakis | M. Abrams,2017,Remote sensing,9,12,1208,,,,,,,verified,1.0,Online Global Land Surface Temperature Estimation from Landsat,David Parastatidis | Zina Mitraka | Nektrarios Chrysoulakis | Michael Abrams,Remote Sensing,10.3390/rs9121208,https://doi.org/10.3390/rs9121208,crossref_title_static,Verified via static CrossRef title search (score: 1.00),44.15,0,0,0,0.0,0.0,0.0
"[29] Murphy, R., Ardanuy, P., Deluccia, F.J., Clement, J., Schueler, C.F.: The visible
infrared imaging radiometer suite. In: Earth Science Satellite Remote Sens￾ing: Vol. 1: Science and Instruments, pp. 199-223. Springer, Berlin, Heidelberg
(2006). https://doi.org/10.1007/978-3-540-37293-6_11",book_chapter,The visible infrared imaging radiometer suite,R. Murphy | P. Ardanuy | F.J. Deluccia | J. Clement | C.F. Schueler,2006,,,,199-223,,9783540372936,Earth Science Satellite Remote Sensing: Vol. 1: Science and Instruments,,,,verified,0.99,The Visible Infrared Imaging Radiometer Suite,R.E. Murphy | P. Ardanuy | F.J. Deluccia | J.E. Clement | C.F. Schueler,Earth Science Satellite Remote Sensing,10.1007/978-3-540-37293-6_11,,Springer,"Direct Springer/DOI landing-page evidence confirms the chapter, its authors, 2006 date, cited book, and DOI. Springer’s citation metadata names the book simply “Earth Science Satellite Remote Sensing”; the citation’s “Vol. 1: Science and Instruments” reflects its volume subdivision and does not identify a different work. Title, venue, and authors match; pages 199–223 are consistent with the chapter citation. No substantive discrepancy found.",158.23,35129,502,1,0.000912,0.003,0.003912
"[30] Wulder, M.A., Roy, D.P., Radeloff, V.C., Loveland, T.R., Anderson, M.C., John￾son, D.M., Healey, S., Zhu, Z., Scambos, T.A., Pahlevan, N., et al.: Fifty years
of Landsat science and impacts. Remote Sensing of Environment 280, 113195
(2022) https://doi.org/10.1016/j.rse.2022.113195",journal_article,Fifty years of Landsat science and impacts,M.A. Wulder | D.P. Roy | V.C. Radeloff | T.R. Loveland | M.C. Anderson | D.M. Johnson | S. Healey | Z. Zhu | T.A. Scambos | N. Pahlevan | et al.,2022,Remote Sensing of Environment,280,,113195,,,,,,,verified,0.99,Fifty years of Landsat science and impacts,Michael A. Wulder | David P. Roy | Volker C. Radeloff | Thomas R. Loveland | Martha C. Anderson | David M. Johnson | Sean Healey | Zhe Zhu | Theodore A. Scambos | Nima Pahlevan | Matthew Hansen | Noel Gorelick | Christopher J. Crawford | Jeffrey G. Masek | Txomin Hermosilla | Joanne C. White | Alan S. Belward | Crystal Schaaf | Curtis E. Woodcock | Justin L. Huntington | Leo Lymburner | Patrick Hostert | Feng Gao | Alexei Lyapustin | Jean-Francois Pekel | Peter Strobl | Bruce D. Cook,Remote Sensing of Environment,10.1016/j.rse.2022.113195,https://doi.org/10.1016/j.rse.2022.113195,crossref_title_static,Verified via static CrossRef title search (score: 0.99),44.83,0,0,0,0.0,0.0,0.0
"[31] Benali, A., Carvalho, A., Nunes, J.P., Carvalhais, N., Santos, A.: Estimating
air surface temperature in Portugal using MODIS LST data. Remote sensing of
environment 124, 108-121 (2012) https://doi.org/10.1016/j.rse.2012.04.024",journal_article,Estimating air surface temperature in Portugal using MODIS LST data,A. Benali | A. Carvalho | J.P. Nunes | N. Carvalhais | A. Santos,2012,Remote sensing of environment,124,,108-121,,,,,,,verified,1.0,Estimating air surface temperature in Portugal using MODIS LST data,A. Benali | A.C. Carvalho | J.P. Nunes | N. Carvalhais | A. Santos,Remote Sensing of Environment,10.1016/j.rse.2012.04.024,https://doi.org/10.1016/j.rse.2012.04.024,crossref_title_static,Verified via static CrossRef title search (score: 1.00),45.26,0,0,0,0.0,0.0,0.0
"[32] Lindsey, D.T., Heidinger, A.K., Sullivan, P.C., McCorkel, J., Schmit, T.J.,
Tomlinson, M., Vandermeulen, R., Frost, G.J., Kondragunta, S., Rudlosky, S.:
GeoXO: NOAA’s future geostationary satellite system. Bulletin of the Amer￾ican Meteorological Society 105(3), 660-679 (2024) https://doi.org/10.1175/
BAMS-D-23-0048.1",journal_article,GeoXO: NOAA’s future geostationary satellite system,D.T. Lindsey | A.K. Heidinger | P.C. Sullivan | J. McCorkel | T.J. Schmit | M. Tomlinson | R. Vandermeulen | G.J. Frost | S. Kondragunta | S. Rudlosky,2024,Bulletin of the American Meteorological Society,105,3,660-679,,,,,,,verified,1.0,GeoXO: NOAA’s Future Geostationary Satellite System,Daniel T. Lindsey | Andrew K. Heidinger | Pamela C. Sullivan | Joel McCorkel | Timothy J. Schmit | Michelle Tomlinson | Ryan Vandermeulen | Gregory J. Frost | Shobha Kondragunta | Scott Rudlosky,Bulletin of the American Meteorological Society,10.1175/bams-d-23-0048.1,https://doi.org/10.1175/bams-d-23-0048.1,crossref_title_static,Verified via static CrossRef title search (score: 1.00),45.61,0,0,0,0.0,0.0,0.0
"[33] Ni, Z., Wu, M., Lu, Q., Huo, H., Wu, C., Liu, R., Wang, F., Xu, X.: A Review
of Research on Cloud Detection Methods for Hyperspectral Infrared Radiances.
Remote Sensing 16(24), 4629 (2024) https://doi.org/10.3390/rs16244629",journal_article,A Review of Research on Cloud Detection Methods for Hyperspectral Infrared Radiances,Z. Ni | M. Wu | Q. Lu | H. Huo | C. Wu | R. Liu | F. Wang | X. Xu,2024,Remote Sensing,16,24,4629,,,,,,,verified,1.0,A Review of Research on Cloud Detection Methods for Hyperspectral Infrared Radiances,Zhuoya Ni | Mengdie Wu | Qifeng Lu | Hongyuan Huo | Chunqiang Wu | Ruixia Liu | Fu Wang | Xiaoying Xu,Remote Sensing,10.3390/rs16244629,https://doi.org/10.3390/rs16244629,crossref_title_static,Verified via static CrossRef title search (score: 1.00),46.37,0,0,0,0.0,0.0,0.0
"[34] Prigent, C., Jimenez, C., Aires, F.: Toward “all weather,” long record, and real￾time land surface temperature retrievals from microwave satellite observations.
Journal of Geophysical Research: Atmospheres 121(10), 5699-5717 (2016) https:
//doi.org/10.1002/2015JD024402",journal_article,"Toward “all weather,” long record, and real-time land surface temperature retrievals from microwave satellite observations",C. Prigent | C. Jimenez | F. Aires,2016,Journal of Geophysical Research: Atmospheres,121,10,5699-5717,,,,,,,verified,1.0,"Toward “all weather,” long record, and real‐time land surface temperature retrievals from microwave satellite observations",C. Prigent | C. Jimenez | F. Aires,Journal of Geophysical Research: Atmospheres,10.1002/2015jd024402,https://doi.org/10.1002/2015jd024402,crossref_title_static,Verified via static CrossRef title search (score: 1.00),46.33,0,0,0,0.0,0.0,0.0
"[35] Jones, L.A., Kimball, J.S., McDonald, K.C., Chan, S.T.K., Njoku, E.G., Oechel,
W.C.: Satellite microwave remote sensing of boreal and arctic soil temperatures
from AMSR-E. IEEE Transactions on Geoscience and Remote Sensing 45(7),
2004-2018 (2007) https://doi.org/10.1109/TGRS.2007.898436",journal_article,Satellite microwave remote sensing of boreal and arctic soil temperatures from AMSR-E,L.A. Jones | J.S. Kimball | K.C. McDonald | S.T.K. Chan | E.G. Njoku | W.C. Oechel,2007,IEEE Transactions on Geoscience and Remote Sensing,45,7,2004-2018,,,,,,,verified,1.0,Satellite Microwave Remote Sensing of Boreal and Arctic Soil Temperatures From AMSR-E,L.A. Jones | J.S. Kimball | K.C. McDonald | S.T.K. Chan | E.G. Njoku | W.C. Oechel,IEEE Transactions on Geoscience and Remote Sensing,10.1109/tgrs.2007.898436,https://doi.org/10.1109/tgrs.2007.898436,crossref_title_static,Verified via static CrossRef title search (score: 1.00),46.78,0,0,0,0.0,0.0,0.0
"[36] Ihlen, V.: Landsat 8 (L8) Data Users Handbook. Technical report, United States
Geological Survey (2019)",book,Landsat 8 (L8) Data Users Handbook,V. Ihlen,2019,,,,,,,,United States Geological Survey,,,minor_error,0.93,Landsat 8 Data Users Handbook,Landsat Missions,U.S. Geological Survey (USGS),,https://www.usgs.gov/media/files/landsat-8-data-users-handbook,U.S. Geological Survey,"Title comparison: the official USGS title, “Landsat 8 Data Users Handbook,” matches the cited “Landsat 8 (L8) Data Users Handbook” in substance; the parenthetical “(L8)” is a minor naming variation. Venue comparison: the citation identifies the U.S. Geological Survey, matching the official USGS media record. Author comparison: the cited V. Ihlen conflicts with the official page’s attribution, “By Landsat Missions.” Thus this is the same handbook, but the author attribution is a concrete discrepancy; verdict: minor_error. The direct primary source is the USGS media page, which shows the title, attribution, handbook file name, and detailed description: https://www.usgs.gov/media/files/landsat-8-data-users-handbook. The official USGS page is dated 2019-11-27 in the search result.",164.25,68592,693,2,0.002659,0.0055,0.008159
"[37] Imran, H., Hossain, A., Islam, A.S., Rahman, A., Bhuiyan, M.A.E., Paul, S.,
Alam, A.: Impact of land cover changes on land surface temperature and human
39
thermal comfort in Dhaka city of Bangladesh. Earth Systems and Environment
5(3), 667-693 (2021) https://doi.org/10.1007/s41748-021-00243-4",journal_article,Impact of land cover changes on land surface temperature and human thermal comfort in Dhaka city of Bangladesh,H. Imran | A. Hossain | A.S. Islam | A. Rahman | M.A.E. Bhuiyan | S. Paul | A. Alam,2021,Earth Systems and Environment,5,3,667-693,,,,,,,verified,1.0,Impact of Land Cover Changes on Land Surface Temperature and Human Thermal Comfort in Dhaka City of Bangladesh,H. M. Imran | Anwar Hossain | A. K. M. Saiful Islam | Ataur Rahman | Md Abul Ehsan Bhuiyan | Supria Paul | Akramul Alam,Earth Systems and Environment,10.1007/s41748-021-00243-4,https://doi.org/10.1007/s41748-021-00243-4,crossref_title_static,Verified via static CrossRef title search (score: 1.00),47.26,0,0,0,0.0,0.0,0.0
"[38] Zhao, J., Zhao, X., Liang, S., Zhou, T., Du, X., Xu, P., Wu, D.: Assessing the
thermal contributions of urban land cover types. Landscape and Urban Planning
204, 103927 (2020) https://doi.org/10.1016/j.landurbplan.2020.103927",journal_article,Assessing the thermal contributions of urban land cover types,J. Zhao | X. Zhao | S. Liang | T. Zhou | X. Du | P. Xu | D. Wu,2020,Landscape and Urban Planning,204,,103927,,,,,,,verified,1.0,Assessing the thermal contributions of urban land cover types,Jiacheng Zhao | Xiang Zhao | Shunlin Liang | Tao Zhou | Xiaozheng Du | Peipei Xu | Donghai Wu,Landscape and Urban Planning,10.1016/j.landurbplan.2020.103927,https://doi.org/10.1016/j.landurbplan.2020.103927,crossref_title_static,Verified via static CrossRef title search (score: 1.00),47.63,0,0,0,0.0,0.0,0.0
"[39] Foga, S., Scaramuzza, P.L., Guo, S., Zhu, Z., Dilley Jr, R.D., Beckmann, T.,
Schmidt, G.L., Dwyer, J.L., Hughes, M.J., Laue, B.: Cloud detection algorithm
comparison and validation for operational Landsat data products. Remote sens￾ing of environment 194, 379-390 (2017) https://doi.org/10.1016/j.rse.2017.03.
026",journal_article,Cloud detection algorithm comparison and validation for operational Landsat data products,S. Foga | P.L. Scaramuzza | S. Guo | Z. Zhu | R.D. Dilley Jr | T. Beckmann | G.L. Schmidt | J.L. Dwyer | M.J. Hughes | B. Laue,2017,Remote Sensing of Environment,194,,379-390,,,,,,,verified,0.99,Cloud detection algorithm comparison and validation for operational Landsat data products,Steve Foga | Pat L. Scaramuzza | Song Guo | Zhe Zhu | Ronald D. Dilley Jr. | Tim Beckmann | Gail L. Schmidt | John L. Dwyer | M. Joseph Hughes | Brady Laue,Remote Sensing of Environment,10.1016/j.rse.2017.03.026,https://www.sciencedirect.com/science/article/pii/S0034425717301293,Elsevier ScienceDirect publisher article page; USGS Publications Warehouse official record,"Title comparison: exact match to the article title on the ScienceDirect publisher page. Venue comparison: ScienceDirect identifies Remote Sensing of Environment, volume 194, 1 June 2017, pages 379–390, matching the citation. Author comparison: the official USGS publication record lists the same ten authors in the same order, with full names corresponding to the cited initials. The DOI link redirects to the publisher record; the ScienceDirect page and the USGS record directly confirm the work. No substantive discrepancy found.",164.6,55413,569,1,0.001299,0.0035,0.004799
"[40] Hart, M.A., Sailor, D.J.: Quantifying the influence of land-use and surface char￾acteristics on spatial variability in the urban heat island. Theoretical and applied
climatology 95(3), 397-406 (2009) https://doi.org/10.1007/s00704-008-0017-5",journal_article,Quantifying the influence of land-use and surface characteristics on spatial variability in the urban heat island,M.A. Hart | D.J. Sailor,2009,Theoretical and Applied Climatology,95,3,397-406,,,,,,,verified,1.0,Quantifying the influence of land-use and surface characteristics on spatial variability in the urban heat island,Melissa A. Hart | David J. Sailor,Theoretical and Applied Climatology,10.1007/s00704-008-0017-5,https://doi.org/10.1007/s00704-008-0017-5,crossref_title_static,Verified via static CrossRef title search (score: 1.00),27.78,0,0,0,0.0,0.0,0.0
"[41] Torres, R., Snoeij, P., Geudtner, D., Bibby, D., Davidson, M., Attema, E., Potin,
P., Rommen, B., Floury, N., Brown, M., et al.: GMES Sentinel-1 mission. Remote
sensing of environment 120, 9-24 (2012) https://doi.org/10.1016/j.rse.2011.05.
028",journal_article,GMES Sentinel-1 mission,R. Torres | P. Snoeij | D. Geudtner | D. Bibby | M. Davidson | E. Attema | P. Potin | B. Rommen | N. Floury | M. Brown | et al.,2012,Remote Sensing of Environment,120,,9-24,,,,,,,verified,0.99,GMES Sentinel-1 mission,Ramon Torres | Paul Snoeij | Dirk Geudtner | David Bibby | Malcolm Davidson | Evert Attema | Pierre Potin | BjÖrn Rommen | Nicolas Floury | Mike Brown | Ignacio Navas Traver | Patrick Deghaye | Berthyl Duesmann | Betlem Rosich | Nuno Miranda | Claudio Bruno | Michelangelo L'Abbate | Renato Croci | Andrea Pietropaolo | Markus Huchler | Friedhelm Rostan,Remote Sensing of Environment,10.1016/j.rse.2011.05.028,https://doi.org/10.1016/j.rse.2011.05.028,crossref_title_static,Verified via static CrossRef title search (score: 0.99),28.23,0,0,0,0.0,0.0,0.0
"[42] ESA: Sentinel-1. SentiWiki Home. Accessed on 6 August 2025 (2025). https:
//sentiwiki.copernicus.eu/web/sentinel-1",web,Sentinel-1,ESA,2025,,,,,,,,,https://sentiwiki.copernicus.eu/web/sentinel-1,,verified,0.94,Sentinel-1 | SentiWiki,,SentiWiki - Copernicus,,https://sentiwiki.copernicus.eu/web/sentinel-1,SentiWiki - Copernicus,"Title comparison: the official page title is “Sentinel-1 | SentiWiki,” matching the cited short title “Sentinel-1” as a reasonable shortened page label. Venue comparison: the cited URL opens the specific Copernicus SentiWiki Sentinel-1 page. The search result gives the page date as 2024-07-23 (updated 2026-09-21); the cited 2025 appears to be the access/citation year and is not a material error for this living web page. Author comparison: the page itself does not show an ESA byline, though it credits ESA for the illustration; the citation’s ESA attribution is not affirmatively contradicted by the page. Direct source inspected: https://sentiwiki.copernicus.eu/web/sentinel-1. Overall, the same web resource is clearly identified; no concrete bibliographic error is established.",164.53,34907,556,1,0.000918,0.003,0.003918
"[43] Koukiou, G.: SAR Features and Techniques for Urban Planning-A Review.
Remote Sensing 16(11), 1923 (2024) https://doi.org/10.3390/rs16111923",journal_article,SAR Features and Techniques for Urban Planning-A Review,G. Koukiou,2024,Remote Sensing,16,11,1923,,,,,,,verified,1.0,SAR Features and Techniques for Urban Planning—A Review,Georgia Koukiou,Remote Sensing,10.3390/rs16111923,https://doi.org/10.3390/rs16111923,crossref_title_static,Verified via static CrossRef title search (score: 1.00),28.87,0,0,0,0.0,0.0,0.0
"[44] Zhang, H., Lin, H., Li, Y., Zhang, Y., Fang, C.: Mapping urban impervious
surface with dual-polarimetric SAR data: An improved method. Landscape and
urban planning 151, 55-63 (2016) https://doi.org/10.1016/j.landurbplan.2016.
03.009",journal_article,Mapping urban impervious surface with dual-polarimetric SAR data: An improved method,H. Zhang | H. Lin | Y. Li | Y. Zhang | C. Fang,2016,Landscape and Urban Planning,151,,55-63,,,,,,,verified,1.0,Mapping urban impervious surface with dual-polarimetric SAR data: An improved method,Hongsheng Zhang | Hui Lin | Yu Li | Yuanzhi Zhang | Chaoyang Fang,Landscape and Urban Planning,10.1016/j.landurbplan.2016.03.009,https://doi.org/10.1016/j.landurbplan.2016.03.009,crossref_title_static,Verified via static CrossRef title search (score: 1.00),28.87,0,0,0,0.0,0.0,0.0
"[45] Sauer, S., Ferro-Famil, L., Reigber, A., Pottier, E.: Three-dimensional imag￾ing and scattering mechanism estimation over urban scenes using dual-baseline
polarimetric InSAR observations at L-band. IEEE Transactions on Geoscience
and Remote Sensing 49(11), 4616-4629 (2011) https://doi.org/10.1109/TGRS.
2011.2147321",journal_article,Three-dimensional imaging and scattering mechanism estimation over urban scenes using dual-baseline polarimetric InSAR observations at L-band,S. Sauer | L. Ferro-Famil | A. Reigber | E. Pottier,2011,IEEE Transactions on Geoscience and Remote Sensing,49,11,4616-4629,,,,,,,verified,1.0,Three-Dimensional Imaging and Scattering Mechanism Estimation Over Urban Scenes Using Dual-Baseline Polarimetric InSAR Observations at L-Band,Stefan Sauer | Laurent Ferro-Famil | Andreas Reigber | Eric Pottier,IEEE Transactions on Geoscience and Remote Sensing,10.1109/tgrs.2011.2147321,https://doi.org/10.1109/tgrs.2011.2147321,crossref_title_static,Verified via static CrossRef title search (score: 1.00),29.51,0,0,0,0.0,0.0,0.0
"[46] Gaˇsparovi´c, M., Dobrini´c, D.: Comparative assessment of machine learning
methods for urban vegetation mapping using multitemporal sentinel-1 imagery.
Remote Sensing 12(12), 1952 (2020) https://doi.org/10.3390/rs12121952",journal_article,Comparative assessment of machine learning methods for urban vegetation mapping using multitemporal sentinel-1 imagery,M. Gaˇsparovi´c | D. Dobrini´c,2020,Remote Sensing,12,12,1952,,,,,,,verified,1.0,Comparative Assessment of Machine Learning Methods for Urban Vegetation Mapping Using Multitemporal Sentinel-1 Imagery,Mateo Gašparović | Dino Dobrinić,Remote Sensing,10.3390/rs12121952,https://doi.org/10.3390/rs12121952,crossref_title_static,Verified via static CrossRef title search (score: 1.00),29.48,0,0,0,0.0,0.0,0.0
"[47] Bai, Y., Sun, G., Li, Y., Ma, P., Li, G., Zhang, Y.: Comprehensively analyzing
optical and polarimetric SAR features for land-use/land-cover classification and
urban vegetation extraction in highly-dense urban area. International Journal
of Applied Earth Observation and Geoinformation 103, 102496 (2021) https:
40
//doi.org/10.1016/j.jag.2021.102496",journal_article,Comprehensively analyzing optical and polarimetric SAR features for land-use/land-cover classification and urban vegetation extraction in highly-dense urban area,Y. Bai | G. Sun | Y. Li | P. Ma | G. Li | Y. Zhang,2021,International Journal of Applied Earth Observation and Geoinformation,103,,102496,,,,,,,verified,1.0,Comprehensively analyzing optical and polarimetric SAR features for land-use/land-cover classification and urban vegetation extraction in highly-dense urban area,Yunkun Bai | Guangmin Sun | Yu Li | Peifeng Ma | Gang Li | Yuanzhi Zhang,International Journal of Applied Earth Observation and Geoinformation,10.1016/j.jag.2021.102496,https://doi.org/10.1016/j.jag.2021.102496,crossref_title_static,Verified via static CrossRef title search (score: 1.00),29.84,0,0,0,0.0,0.0,0.0
"[48] Schuler, D.L., Lee, J.-S., Kasilingam, D., Nesti, G.: Surface roughness and
slope measurements using polarimetric SAR data. IEEE Transactions on Geo￾science and Remote Sensing 40(3), 687-698 (2002) https://doi.org/10.1109/
TGRS.2002.1000328",journal_article,Surface roughness and slope measurements using polarimetric SAR data,D.L. Schuler | J.-S. Lee | D. Kasilingam | G. Nesti,2002,IEEE Transactions on Geoscience and Remote Sensing,40,3,687-698,,,,,,,verified,1.0,Surface roughness and slope measurements using polarimetric SAR data,D.L. Schuler | Jong-Sen Lee | D. Kasilingam | G. Nesti,IEEE Transactions on Geoscience and Remote Sensing,10.1109/tgrs.2002.1000328,https://doi.org/10.1109/tgrs.2002.1000328,crossref_title_static,Verified via static CrossRef title search (score: 1.00),30.26,0,0,0,0.0,0.0,0.0
"[49] Schmit, T.J., Griffith, P., Gunshor, M.M., Daniels, J.M., Goodman, S.J., Lebair,
W.J.: A closer look at the ABI on the GOES-R series. Bulletin of the Amer￾ican Meteorological Society 98(4), 681-698 (2017) https://doi.org/10.1175/
BAMS-D-15-00230.1",journal_article,A closer look at the ABI on the GOES-R series,T.J. Schmit | P. Griffith | M.M. Gunshor | J.M. Daniels | S.J. Goodman | W.J. Lebair,2017,Bulletin of the American Meteorological Society,98,4,681-698,,,,,,,verified,1.0,A Closer Look at the ABI on the GOES-R Series,Timothy J. Schmit | Paul Griffith | Mathew M. Gunshor | Jaime M. Daniels | Steven J. Goodman | William J. Lebair,Bulletin of the American Meteorological Society,10.1175/bams-d-15-00230.1,https://doi.org/10.1175/bams-d-15-00230.1,crossref_title_static,Verified via static CrossRef title search (score: 1.00),30.55,0,0,0,0.0,0.0,0.0
"[50] Valenti, J.: GOES-R SERIES PRODUCT DEFINITION AND USERS’ GUIDE.
Technical report, United States Department of Commerce and National Oceanic
and Atmospheric Administration and NOAA Satellite and Information Service
National Aeronautics and Space Administration (2019)",book,GOES-R SERIES PRODUCT DEFINITION AND USERS’ GUIDE,J. Valenti,2019,,,,,,,,United States Department of Commerce and National Oceanic and Atmospheric Administration and NOAA Satellite and Information Service National Aeronautics and Space Administration,,,verified,0.98,GOES R SERIES PRODUCT DEFINITION AND USERS’ GUIDE (PUG) VOLUME 1: MAIN,Jim Valenti,NOAA / GOES-R Series,,https://www.ospo.noaa.gov/resources/documents/PUG/GS%20Series%20416-R-PUG-Main-0345%20Vol%201%20Rev%202.3.pdf,NOAA Office of Satellite and Product Operations (OSPO),"The official NOAA OSPO-hosted PDF directly confirms the guide’s title and shows Jim Valenti’s signature. Its change record also documents revisions dated August and December 2019, consistent with citing the guide as a 2019 technical report. The official document is specifically Volume 1: Main; the raw citation omits that volume designation, but the core title and author match. The agency names in the citation are consistent with the document’s NOAA/DOC/NASA identification. Primary source: NOAA-hosted PDF, https://www.ospo.noaa.gov/resources/documents/PUG/GS%20Series%20416-R-PUG-Main-0345%20Vol%201%20Rev%202.3.pdf",157.93,76913,597,1,0.003515,0.003,0.006515
"[51] Smirnov, B.: Infrared Radiation in the Energetics of the Atmosphere. High tem￾perature 57(4), 573-595 (2019) https://doi.org/10.1134/S0018151X19040199",journal_article,Infrared Radiation in the Energetics of the Atmosphere,B. Smirnov,2019,High temperature,57,4,573-595,,,,,,,verified,1.0,Infrared Radiation in the Energetics of the Atmosphere,B. M. Smirnov,High Temperature,10.1134/s0018151x19040199,https://doi.org/10.1134/s0018151x19040199,crossref_title_static,Verified via static CrossRef title search (score: 1.00),30.74,0,0,0,0.0,0.0,0.0
"[52] Harries, J., Carli, B., Rizzi, R., Serio, C., Mlynczak, M., Palchetti, L., Maestri,
T., Brindley, H., Masiello, G.: The far-infrared Earth. Reviews of Geophysics
46(4) (2008) https://doi.org/10.1029/2007RG000233",journal_article,The far-infrared Earth,J. Harries | B. Carli | R. Rizzi | C. Serio | M. Mlynczak | L. Palchetti | T. Maestri | H. Brindley | G. Masiello,2008,Reviews of Geophysics,46,4,,,,,,,,verified,1.0,The Far‐infrared Earth,J. Harries | B. Carli | R. Rizzi | C. Serio | M. Mlynczak | L. Palchetti | T. Maestri | H. Brindley | G. Masiello,Reviews of Geophysics,10.1029/2007rg000233,https://doi.org/10.1029/2007rg000233,crossref_title_static,Verified via static CrossRef title search (score: 1.00),31.23,0,0,0,0.0,0.0,0.0
"[53] Palchetti, L., Brindley, H., Bantges, R., Buehler, S., Camy-Peyret, C., Carli,
B., Cortesi, U., Del Bianco, S., Di Natale, G., Dinelli, B., et al.: unique far￾infrared satellite observations to better understand how Earth radiates energy
to space. Bulletin of the American meteorological society 101(12), 2030-2046
(2020) https://doi.org/10.1175/BAMS-D-19-0322.1",journal_article,"unique far￾infrared satellite observations to better understand how Earth radiates energy
to space","Palchetti, L. | Brindley, H. | Bantges, R. | Buehler, S. | Camy-Peyret, C. | Carli, B. | Cortesi, U. | Del Bianco, S. | Di Natale, G. | Dinelli, B.",2020,Bulletin of the American meteorological society,101,12,2030-2046,,,,,,,verified,0.972,FORUM: Unique Far-Infrared Satellite Observations to Better Understand How Earth Radiates Energy to Space,L. Palchetti | H. Brindley | R. Bantges | S. A. Buehler | C. Camy-Peyret | B. Carli | U. Cortesi | S. Del Bianco | G. Di Natale | B. M. Dinelli | D. Feldman | X. L. Huang | L. C.-Labonnote | Q. Libois | T. Maestri | M. G. Mlynczak | J. E. Murray | H. Oetjen | M. Ridolfi | M. Riese | J. Russell | R. Saunders | C. Serio,Bulletin of the American Meteorological Society,10.1175/bams-d-19-0322.1,https://doi.org/10.1175/bams-d-19-0322.1,crossref_title_static,Verified via static CrossRef title search (score: 0.97),31.12,0,0,0,0.0,0.0,0.0
"[54] Petty, G.W.: A First Course in Atmospheric Radiation, 2nd edn. Sundog
Publishing, Madison, WI (2006). Chap. 12",book,A First Course in Atmospheric Radiation,"Petty, G.W.",2006,,,,Chap. 12,,9780972903318,,Sundog Publishing,,,verified,0.99,A First Course in Atmospheric Radiation – G.W. Petty,Grant W. Petty,"Sundog Publishing, Madison, Wisconsin",,,Sundog Publishing,"The publisher’s product page identifies the book as the Second Edition, by Grant W. Petty, published by Sundog Publishing in Madison, Wisconsin, with a publication date of March 2006. This directly supports the substantive details in the citation. The cited “Chap. 12” is a chapter locator and does not conflict with the book record.",153.43,51800,491,1,0.000998,0.003,0.003998
"[55] Holmes, T., Crow, W., Hain, C., Anderson, M., Kustas, W.: Diurnal tempera￾ture cycle as observed by thermal infrared and microwave radiometers. Remote
Sensing of Environment 158, 110-125 (2015) https://doi.org/10.1016/j.rse.2014.
10.031",journal_article,Diurnal tempera￾ture cycle as observed by thermal infrared and microwave radiometers,"Holmes, T. | Crow, W. | Hain, C. | Anderson, M. | Kustas, W.",2015,Remote Sensing of Environment,158,,110-125,,,,,,,verified,1.0,Diurnal temperature cycle as observed by thermal infrared and microwave radiometers,T.R.H. Holmes | W.T. Crow | C. Hain | M.C. Anderson | W.P. Kustas,Remote Sensing of Environment,10.1016/j.rse.2014.10.031,https://doi.org/10.1016/j.rse.2014.10.031,crossref_title_static,Verified via static CrossRef title search (score: 1.00),31.41,0,0,0,0.0,0.0,0.0
"[56] Schmetz, J., Pili, P., Tjemkes, S., Just, D., Kerkmann, J., Rota, S., Ratier, A.:
An introduction to Meteosat second generation (MSG). Bulletin of the Amer￾ican Meteorological Society 83(7), 977-992 (2002) https://doi.org/10.1175/
1520-0477(2002)083⟨0977:AITMSG⟩2.3.CO;2",journal_article,An introduction to Meteosat second generation (MSG),"Schmetz, J. | Pili, P. | Tjemkes, S. | Just, D. | Kerkmann, J. | Rota, S. | Ratier, A.",2002,Bulletin of the American Meteorological Society,83,7,977-992,,,,,,,verified,0.925,Supplement to An Introduction to Meteosat Second Generation (MSG),Johannes Schmetz | Paolo Pili | Stephen Tjemkes | Dieter Just | Jochen Kerkmann | Sergio Rota | Alain Ratier,Bulletin of the American Meteorological Society,10.1175/1520-0477(2002)083<0991:staitm>2.3.co;2,https://doi.org/10.1175/1520-0477(2002)083<0991:staitm>2.3.co;2,crossref_title_static,Verified via static CrossRef title search (score: 0.93),30.35,0,0,0,0.0,0.0,0.0
"[57] Holmes, T.R., Hain, C.R., Crow, W.T., Anderson, M.C., Kustas, W.P.:
Microwave implementation of two-source energy balance approach for estimat￾ing evapotranspiration. Hydrology and earth system sciences 22(2), 1351-1369
(2018) https://doi.org/10.5194/hess-22-1351-2018",journal_article,Microwave implementation of two-source energy balance approach for estimat￾ing evapotranspiration,"Holmes, T.R. | Hain, C.R. | Crow, W.T. | Anderson, M.C. | Kustas, W.P.",2018,Hydrology and earth system sciences,22,2,1351-1369,,,,,,,verified,1.0,Microwave implementation of two-source energy balance approach for estimating evapotranspiration,Thomas R. H. Holmes | Christopher R. Hain | Wade T. Crow | Martha C. Anderson | William P. Kustas,Hydrology and Earth System Sciences,10.5194/hess-22-1351-2018,https://doi.org/10.5194/hess-22-1351-2018,crossref_title_static,Verified via static CrossRef title search (score: 1.00),29.82,0,0,0,0.0,0.0,0.0
"[58] Peel, M.C., Finlayson, B.L., McMahon, T.A.: Updated world map of the
K¨oppen-Geiger climate classification. Hydrology and earth system sciences
11(5), 1633-1644 (2007) https://doi.org/10.5194/hess-11-1633-2007",journal_article,Updated world map of the K¨oppen-Geiger climate classification,"Peel, M.C. | Finlayson, B.L. | McMahon, T.A.",2007,Hydrology and earth system sciences,11,5,1633-1644,,,,,,,verified,0.99,Updated world map of the Köppen-Geiger climate classification,M. C. Peel | B. L. Finlayson | T. A. McMahon,Hydrology and Earth System Sciences,10.5194/hess-11-1633-2007,https://doi.org/10.5194/hess-11-1633-2007,crossref_title_static,Verified via static CrossRef title search (score: 0.99),29.91,0,0,0,0.0,0.0,0.0
"[59] Beck, H.E., Zimmermann, N.E., McVicar, T.R., Vergopolan, N., Berg, A., Wood,
E.F.: Present and future K¨oppen-Geiger climate classification maps at 1-km
resolution. Scientific data 5(1), 1-12 (2018) https://doi.org/10.1038/sdata.2018.
214",journal_article,"Present and future K¨oppen-Geiger climate classification maps at 1-km
resolution","Beck, H.E. | Zimmermann, N.E. | McVicar, T.R. | Vergopolan, N. | Berg, A. | Wood, E.F.",2018,Scientific data,5,1,1-12,,,,,,,verified,0.9922077922077921,Present and future Köppen-Geiger climate classification maps at 1-km resolution,Hylke E. Beck | Niklaus E. Zimmermann | Tim R. McVicar | Noemi Vergopolan | Alexis Berg | Eric F. Wood,Scientific Data,10.1038/sdata.2018.214,https://doi.org/10.1038/sdata.2018.214,crossref_title_static,Verified via static CrossRef title search (score: 0.99),30.0,0,0,0,0.0,0.0,0.0
"[60] Gorelick, N., Hancher, M., Dixon, M., Ilyushchenko, S., Thau, D., Moore, R.:
Google Earth Engine: Planetary-scale geospatial analysis for everyone. Remote
Sensing of Environment 202, 18-27 (2017) https://doi.org/10.1016/j.rse.2017.
06.031",journal_article,Google Earth Engine: Planetary-scale geospatial analysis for everyone,"Gorelick, N. | Hancher, M. | Dixon, M. | Ilyushchenko, S. | Thau, D. | Moore, R.",2017,Remote Sensing of Environment,202,,18-27,,,,,,,verified,1.0,Google Earth Engine: Planetary-scale geospatial analysis for everyone,Noel Gorelick | Matt Hancher | Mike Dixon | Simon Ilyushchenko | David Thau | Rebecca Moore,Remote Sensing of Environment,10.1016/j.rse.2017.06.031,https://doi.org/10.1016/j.rse.2017.06.031,crossref_title_static,Verified via static CrossRef title search (score: 1.00),30.14,0,0,0,0.0,0.0,0.0
"[61] Moore, L.: Transverse mercator projections and us geological survey digital
products. US Geological Survey, Professional Paper (1997)",book,"Transverse mercator projections and us geological survey digital
products","Moore, L.",1997,,,,Professional Paper,,,,US Geological Survey,,,not_found,0.79,Transverse Mercator projections and us geological survey digital products,Larry Moore,,,https://www.geo.utexas.edu/courses/420k/PDF_files/LABS/GIS/map_project.pdf,PDF hosted by University of Texas,"The inspected PDF contains the cited article title and identifies Larry Moore and the U.S. Geological Survey. However, it was hosted on a University of Texas course site, and the document text inspected does not establish a USGS Professional Paper designation or a 1997 publication date. Searches for the exact title with the author and with USGS/publisher terms did not locate a direct USGS publication record for this item. Search results included a USGS 1997 fact sheet on the UTM grid, which is a different titled work, and a later NASA bibliography citing Moore; neither confirms the claimed Professional Paper identity. Because no direct publisher/archive record confirms the cited venue and year, and no conclusive conflicting primary record was found, the citation cannot be verified as stated.",109.31,103958,838,3,0.002248,0.008,0.010248
"[62] Brooks, W.: The universal transverse mercator grid. In: Proceedings of the
Indiana Academy of Science, vol. 83, pp. 250-258 (1973)",conference_paper,The universal transverse mercator grid,W. Brooks,1973,Proceedings of the Indiana Academy of Science,83,,250-258,,,,,,,verified,0.99,The Universal Transverse Mercator Grid,W. D. Brooks,Proceedings of the Indiana Academy of Science,,https://journals.indianapolis.iu.edu/index.php/ias/article/view/7904,Proceedings of the Indiana Academy of Science article page and Vol. 83 (1973) issue record,"The journal’s article page directly confirms the title, author, publication date, and placement in Vol. 83 (1973). The official issue record independently lists the article on pages 250–258. The only difference is that the citation abbreviates the author as W. Brooks rather than W. D. Brooks; this does not change the author’s identity. Sources: https://journals.indianapolis.iu.edu/index.php/ias/article/view/7904 and https://journals.iupui.edu/index.php/ias/issue/view/432.",104.21,52758,465,1,0.001141,0.003,0.004141
"[63] Eaton, B., Gregory, J., Drach, B., Taylor, K., Hankin, S., et al.: NetCDF Cli￾mate and Forecast (CF) Metadata Conventions (1.13) (2025). https://doi.org/10.5281/zenodo.17801666",web,NetCDF Climate and Forecast (CF) Metadata Conventions (1.13),B. Eaton | J. Gregory | B. Drach | K. Taylor | S. Hankin | et al.,2025,,,,,10.5281/zenodo.17801666,,,,https://doi.org/10.5281/zenodo.17801666,,verified,0.99,NetCDF Climate and Forecast (CF) Metadata Conventions,Brian Eaton | Jonathan Gregory | Bob Drach | Karl Taylor | Steve Hankin | John Caron | Rich Signell | Phil Bentley | Greg Rappa | Heinke Höck | Alison Pamment | Martin Juckes | Martin Raspaud | Jon Blower | Randy Horne | Timothy Whiteaker | David Blodgett | Charlie Zender | Daniel Lee | David Hassell | Alan D. Snow | Tobias Kölling | Dave Allured | Aleksandar Jelenak | Anders Meier Soerensen | Lucile Gaultier | Sylvain Herlédan | Fernando Manzano | Lars Bärring | Christopher Barker | Sadie L. Bartholomew | Thomas Lavergne | Bryan Lawrence | Neil Massey | Antonio S. Cofiño | Seth McGinnis | Patrick Van Laake,CF Community,10.5281/zenodo.17801666,https://zenodo.org/records/17801666,Zenodo; official CF Conventions document,"The DOI landing page at https://doi.org/10.5281/zenodo.17801666 resolves to the specific Zenodo record, which identifies the work as Version 1.13, published December 17, 2025, and lists 37 creators including all five named authors. The official CF conventions document independently gives the same recommended citation, title, author sequence, year, version, publisher, and DOI. Title comparison: the cited title adds “(1.13)” to the record title, correctly specifying the version rather than identifying a different work. Venue comparison: the citation does not name a venue; the official record lists publisher CF Community. Author comparison: the cited authors match the official creators, and “et al.” appropriately abbreviates the remaining creators. The cited 2025 year is confirmed by the official record and document. No substantive error found.",128.7,68452,799,1,0.002745,0.0035,0.006245
"[64] Wu, X., Shmit, T.: Product Performance Guide for Data Users of GOES-17 ABI
Level 1b and Cloud and Moisture Imagery (CMI) Products. Technical report,
National Oceanic and Atmospheric Administration (2020)",book,Product Performance Guide for Data Users of GOES-17 ABI Level 1b and Cloud and Moisture Imagery (CMI) Products,X. Wu | T. Shmit,2020,,,,,,,,National Oceanic and Atmospheric Administration,,,minor_error,0.99,Product Performance Guide for Data Users of GOES-17 ABI Level 1b and Cloud and Moisture Imagery (CMI) Products,Xiangqian Wu | Tim Schmit,National Oceanic and Atmospheric Administration (NOAA),,https://www.ospo.noaa.gov/operations/goes/product-quality-overview/ps-pvr/goes-17/ABI/Cloud%20and%20Moisture%20Imagery/Full/G17_ABI_L1b-CMI_Full_ValidationProductPerformanceGuide_20200731_v1.1.pdf,NOAA Office of Satellite and Product Operations (OSPO),"The NOAA-hosted PDF is direct primary evidence and gives the exact cited title, authors “Xiangqian Wu and Tim Schmit,” and date July 31, 2020. The citation accurately identifies the report, year, and NOAA source, but spells author Tim Schmit as “Shmit.”",101.73,73248,584,1,0.004459,0.003,0.007459
"[65] Sun, D., Fang, L., Yu, Y.: GOES LST ALGORITHM THEORETICAL BASIS
DOCUMENT VERSION 3.0. Technical report,
NOAA NESDIS STAR (2012)",book,GOES LST ALGORITHM THEORETICAL BASIS DOCUMENT VERSION 3.0,D. Sun | L. Fang | Y. Yu,2012,,,,,,,,NOAA NESDIS STAR,,,verified,0.99,GOES LST ALGORITHM THEORETICAL BASIS DOCUMENT VERSION 3.0,Donglian Sun | Li Fang | Yunyue Yu,NOAA NESDIS STAR,,https://www.ospo.noaa.gov/Products/land/glst/GOES_LST_ATBD_3.1.pdf,NOAA NESDIS STAR,"The direct NOAA-hosted PDF identifies the work as “GOES LST ALGORITHM THEORETICAL BASIS DOCUMENT VERSION 3.0,” lists Donglian Sun, Li Fang, and Yunyue Yu as authors, and records Version 3.0 as revised on 1/7/2012. The citation’s shortened author names and technical-report description match the document. Title, venue, and author comparisons support the same work; no substantive citation error found.",106.64,69104,482,1,0.002748,0.003,0.005748
"[66] Weglarczyk, S.: Kernel density estimation and its application. In: ITM Web
of Conferences, vol. 23, p. 00037 (2018). https://doi.org/10.1051/itmconf/
20182300037 . EDP Sciences",conference_paper,Kernel density estimation and its application,S. Weglarczyk,2018,ITM Web of Conferences,23,,37,,,,,,,verified,0.99,Kernel density estimation and its application,Stanisław Węglarczyk,ITM Web of Conferences,10.1051/itmconf/20182300037,https://doi.org/10.1051/itmconf/20182300037,EDP Sciences / ITM Web of Conferences,"Direct primary evidence: the DOI landing page and the EDP Sciences article page identify the title, DOI, venue, volume 23, article number 00037, and 2018 publication. The publisher PDF identifies the author as Stanisław Węglarczyk. The citation’s initials, article number formatting (00037 vs. p. 00037), and venue/year agree with the publisher record. Title comparison: exact match. Venue comparison: exact match. Author comparison: initials/surname match the publisher’s full name. The same work is confirmed; no substantive error found.",103.28,52375,558,1,0.00108,0.003,0.00408
"[67] Chen, Y.-C.: A tutorial on kernel density estimation and recent advances.
Biostatistics & Epidemiology 1(1), 161-187 (2017) https://doi.org/10.1080/
24709360.2017.1396742",journal_article,A tutorial on kernel density estimation and recent advances,Y.-C. Chen,2017,Biostatistics & Epidemiology,1,1,161-187,,,,,,,verified,1.0,A tutorial on kernel density estimation and recent advances,Yen-Chi Chen,Biostatistics &amp; Epidemiology,10.1080/24709360.2017.1396742,https://doi.org/10.1080/24709360.2017.1396742,crossref_title_static,Verified via static CrossRef title search (score: 1.00),29.97,0,0,0,0.0,0.0,0.0
"[68] Scott, D.W.: On optimal and data-based histograms. Biometrika 66(3), 605-610
(1979) https://doi.org/10.1093/biomet/66.3.605",journal_article,On optimal and data-based histograms,D.W. Scott,1979,Biometrika,66,3,605-610,,,,,,,verified,1.0,On optimal and data-based histograms,DAVID W. SCOTT,Biometrika,10.1093/biomet/66.3.605,https://doi.org/10.1093/biomet/66.3.605,crossref_title_static,Verified via static CrossRef title search (score: 1.00),30.03,0,0,0,0.0,0.0,0.0
"[69] McKnight, P.E., Najab, J.: Mann-whitney U test. The Corsini encyclopedia of
psychology, 1-1 (2010) https://doi.org/10.1002/9780470479216.corpsy0524",book_chapter,Mann-whitney U test,P.E. McKnight | J. Najab,2010,,,,1-1,,9780470479216,The Corsini encyclopedia of psychology,,,,verified,0.99,Mann‐Whitney U Test,Patrick E. McKnight | Julius Najab,The Corsini Encyclopedia of Psychology,10.1002/9780470479216.corpsy0524,,Wiley Online Library (publisher record),"Verified from the Wiley publisher record reached directly through both the DOI URL and Wiley article page. Wiley identifies the work as “Mann‐Whitney U Test,” by McKnight and Najab, in The Corsini Encyclopedia of Psychology; its citation metadata gives 2010 and the same DOI. The cited title’s capitalization and hyphenation are cosmetic differences. The citation’s 1–1 pagination is not listed in the publisher record, but no conflicting page information is established. Title, venue, and authors identify the cited work.",103.67,52385,527,1,0.001098,0.003,0.004098
"[70] Lenail, A.: NN-SVG: Publication-ready nn-architecture schematics. URl:
http://alexlenail. me/NN-SVG (2020)",web,NN-SVG: Publication-ready nn-architecture schematics,A. Lenail,2020,,,,,,,,,http://alexlenail.me/NN-SVG,,verified,0.928440366972477,NN-SVG: Publication-Ready Neural Network Architecture Schematics,Alexander LeNail,Journal of Open Source Software,10.21105/joss.00747,https://doi.org/10.21105/joss.00747,crossref_title_static,Verified via static CrossRef title search (score: 0.93),34.71,0,0,0,0.0,0.0,0.0
"[71] Mildrexler, D.J., Zhao, M., Running, S.W.: A global comparison between sta￾tion air temperatures and MODIS land surface temperatures reveals the cooling
role of forests. Journal of Geophysical Research: Biogeosciences 116(G3) (2011)
https://doi.org/10.1029/2010JG001486",journal_article,A global comparison between station air temperatures and MODIS land surface temperatures reveals the cooling role of forests,D.J. Mildrexler | M. Zhao | S.W. Running,2011,Journal of Geophysical Research: Biogeosciences,116,G3,,,,,,,,verified,1.0,A global comparison between station air temperatures and MODIS land surface temperatures reveals the cooling role of forests,David J. Mildrexler | Maosheng Zhao | Steven W. Running,Journal of Geophysical Research,10.1029/2010jg001486,https://doi.org/10.1029/2010jg001486,crossref_title_static,Verified via static CrossRef title search (score: 1.00),29.96,0,0,0,0.0,0.0,0.0
"[72] Sheng, Y., Liu, X., Yang, X., Xin, Q., Deng, C., Li, X.: Quantifying the spatial
and temporal relationship between air and land surface temperatures of different
land-cover types in Southeastern China. International Journal of Remote Sensing
38(4), 1114-1136 (2017) https://doi.org/10.1080/01431161.2017.1280629",journal_article,Quantifying the spatial and temporal relationship between air and land surface temperatures of different land-cover types in Southeastern China,Y. Sheng | X. Liu | X. Yang | Q. Xin | C. Deng | X. Li,2017,International Journal of Remote Sensing,38,4,1114-1136,,,,,,,verified,1.0,Quantifying the spatial and temporal relationship between air and land surface temperatures of different land-cover types in Southeastern China,Yanling Sheng | Xiaoping Liu | Xuchao Yang | Qinchuan Xin | Chengbin Deng | Xia Li,International Journal of Remote Sensing,10.1080/01431161.2017.1280629,https://doi.org/10.1080/01431161.2017.1280629,crossref_title_static,Verified via static CrossRef title search (score: 1.00),29.84,0,0,0,0.0,0.0,0.0
"[73] Jin, M., Dickinson, R.E.: Land surface skin temperature climatology: benefitting
from the strengths of satellite observations. Environmental research letters 5(4),
044004 (2010) https://doi.org/10.1088/1748-9326/5/4/044004",journal_article,Land surface skin temperature climatology: benefitting from the strengths of satellite observations,"Jin, M. | Dickinson, R.E.",2010,Environmental research letters,5,4,44004,,,,,,,verified,1.0,Land surface skin temperature climatology: benefitting from the strengths of satellite observations,Menglin Jin | Robert E Dickinson,Environmental Research Letters,10.1088/1748-9326/5/4/044004,https://doi.org/10.1088/1748-9326/5/4/044004,crossref_title_static,Verified via static CrossRef title search (score: 1.00),29.61,0,0,0,0.0,0.0,0.0
"[74] Sohrabinia, M., Zawar-Reza, P., Rack, W.: Spatio-temporal analysis of the
relationship between LST from MODIS and air temperature in New Zealand.
Theoretical and applied climatology 119(3), 567-583 (2015) https://doi.org/10.
1007/s00704-014-1106-2",journal_article,Spatio-temporal analysis of the relationship between LST from MODIS and air temperature in New Zealand,"Sohrabinia, M. | Zawar-Reza, P. | Rack, W.",2015,Theoretical and applied climatology,119,3,567-583,,,,,,,verified,1.0,Spatio-temporal analysis of the relationship between LST from MODIS and air temperature in New Zealand,M. Sohrabinia | P. Zawar-Reza | W. Rack,Theoretical and Applied Climatology,10.1007/s00704-014-1106-2,https://doi.org/10.1007/s00704-014-1106-2,crossref_title_static,Verified via static CrossRef title search (score: 1.00),29.21,0,0,0,0.0,0.0,0.0
"[75] Cao, J., Zhou, W., Zheng, Z., Ren, T., Wang, W.: Within-city spatial and
temporal heterogeneity of air temperature and its relationship with land sur￾face temperature. Landscape and Urban Planning 206, 103979 (2021) https:
//doi.org/10.1016/j.landurbplan.2020.103979",journal_article,Within-city spatial and temporal heterogeneity of air temperature and its relationship with land surface temperature,"Cao, J. | Zhou, W. | Zheng, Z. | Ren, T. | Wang, W.",2021,Landscape and Urban Planning,206,,103979,,,,,,,verified,1.0,Within-city spatial and temporal heterogeneity of air temperature and its relationship with land surface temperature,Jie Cao | Weiqi Zhou | Zhong Zheng | Tian Ren | Weimin Wang,Landscape and Urban Planning,10.1016/j.landurbplan.2020.103979,https://doi.org/10.1016/j.landurbplan.2020.103979,crossref_title_static,Verified via static CrossRef title search (score: 1.00),29.51,0,0,0,0.0,0.0,0.0
"[76] Sui, S., Sun, L.: Comparative analysis of several typical Landsat 8 OLI cloud
detection methods. Remote Sensing 14(3), 719 (2022) https://doi.org/10.3390/
rs14030719",journal_article,Comparative analysis of several typical Landsat 8 OLI cloud detection methods,"Sui, S. | Sun, L.",2022,Remote Sensing,14,3,719,,,,,,,verified,1.0,Comparative Analysis of Several Typical Landsat 8 OLI Cloud Detection Methods,Songman Sui | Lin Sun,Remote Sensing,10.3390/rs14030719,https://doi.org/10.3390/rs14030719,crossref_title_static,Verified via static CrossRef title search (score: 1.00),29.71,0,0,0,0.0,0.0,0.0
"[77] Ju, J., Zhou, Q., Freitag, B., Roy, D.P., Zhang, H.K., Sridhar, M., Mandel,
J., Arab, S., Schmidt, G., Crawford, C.J., et al.: The Harmonized Land￾sat and Sentinel-2 version 2.0 surface reflectance dataset. Remote Sensing of
Environment 324, 114723 (2025) https://doi.org/10.1016/j.rse.2025.114723",journal_article,The Harmonized Landsat and Sentinel-2 version 2.0 surface reflectance dataset,"Ju, J. | Zhou, Q. | Freitag, B. | Roy, D.P. | Zhang, H.K. | Sridhar, M. | Mandel, J. | Arab, S. | Schmidt, G. | Crawford, C.J. | et al.",2025,Remote Sensing of Environment,324,,114723,,,,,,,verified,0.9818181818181819,The Harmonized Landsat and Sentinel-2 version 2.0 surface reflectance dataset,Junchang Ju | Qiang Zhou | Brian Freitag | David P. Roy | Hankui K. Zhang | Madhu Sridhar | John Mandel | Saeed Arab | Gail Schmidt | Christopher J. Crawford | Ferran Gascon | Peter A. Strobl | Jeffrey G. Masek | Christopher S.R. Neigh,Remote Sensing of Environment,10.1016/j.rse.2025.114723,https://doi.org/10.1016/j.rse.2025.114723,crossref_title_static,Verified via static CrossRef title search (score: 0.98),29.49,0,0,0,0.0,0.0,0.0
"[78] Eyring, V., Collins, W.D., Gentine, P., Barnes, E.A., Barreiro, M., Beucler,
T., Bocquet, M., Bretherton, C.S., Christensen, H.M., Dagon, K., et al.:
Pushing the frontiers in climate modelling and analysis with machine learn￾ing. Nature Climate Change 14(9), 916-928 (2024) https://doi.org/10.1038/
s41558-024-02095-y",journal_article,Pushing the frontiers in climate modelling and analysis with machine learning,"Eyring, V. | Collins, W.D. | Gentine, P. | Barnes, E.A. | Barreiro, M. | Beucler, T. | Bocquet, M. | Bretherton, C.S. | Christensen, H.M. | Dagon, K. | et al.",2024,Nature Climate Change,14,9,916-928,,,,,,,verified,0.99,Pushing the frontiers in climate modelling and analysis with machine learning,Veronika Eyring | William D. Collins | Pierre Gentine | Elizabeth A. Barnes | Marcelo Barreiro | Tom Beucler | Marc Bocquet | Christopher S. Bretherton | Hannah M. Christensen | Katherine Dagon | David John Gagne | David Hall | Dorit Hammerling | Stephan Hoyer | Fernando Iglesias-Suarez | Ignacio Lopez-Gomez | Marie C. McGraw | Gerald A. Meehl | Maria J. Molina | Claire Monteleoni | Juliane Mueller | Michael S. Pritchard | David Rolnick | Jakob Runge | Philip Stier | Oliver Watt-Meyer | Katja Weigel | Rose Yu | Laure Zanna,Nature Climate Change,10.1038/s41558-024-02095-y,https://doi.org/10.1038/s41558-024-02095-y,crossref_title_static,Verified via static CrossRef title search (score: 0.99),32.98,0,0,0,0.0,0.0,0.0
"[79] Ledig, C., Theis, L., Husz´ar, F., Caballero, J., Cunningham, A., Acosta, A.,
Aitken, A., Tejani, A., Totz, J., Wang, Z., et al.: Photo-realistic single image
super-resolution using a generative adversarial network. In: Proceedings of the
IEEE Conference on Computer Vision and Pattern Recognition, pp. 4681-4690
(2017)",conference_paper,Photo-realistic single image super-resolution using a generative adversarial network,"Ledig, C. | Theis, L. | Husz´ar, F. | Caballero, J. | Cunningham, A. | Acosta, A. | Aitken, A. | Tejani, A. | Totz, J. | Wang, Z. | et al.",2017,,,,4681-4690,,,Proceedings of the IEEE Conference on Computer Vision and Pattern Recognition,,,,verified,0.99,Photo-Realistic Single Image Super-Resolution Using a Generative Adversarial Network,Christian Ledig | Lucas Theis | Ferenc Huszar | Jose Caballero | Andrew Cunningham | Alejandro Acosta | Andrew Aitken | Alykhan Tejani | Johannes Totz | Zehan Wang | Wenzhe Shi,2017 IEEE Conference on Computer Vision and Pattern Recognition (CVPR),10.1109/cvpr.2017.19,https://doi.org/10.1109/cvpr.2017.19,crossref_title_static,Verified via static CrossRef title search (score: 0.99),24.24,0,0,0,0.0,0.0,0.0
"[80] Wang, P., Bayram, B., Sertel, E.: A comprehensive review on deep learning
based remote sensing image super-resolution methods. Earth-Science Reviews
232, 104110 (2022) https://doi.org/10.1016/j.earscirev.2022.104110",journal_article,A comprehensive review on deep learning based remote sensing image super-resolution methods,"Wang, P. | Bayram, B. | Sertel, E.",2022,Earth-Science Reviews,232,,104110,,,,,,,verified,1.0,A comprehensive review on deep learning based remote sensing image super-resolution methods,Peijuan Wang | Bulent Bayram | Elif Sertel,Earth-Science Reviews,10.1016/j.earscirev.2022.104110,https://doi.org/10.1016/j.earscirev.2022.104110,crossref_title_static,Verified via static CrossRef title search (score: 1.00),82.6,0,0,0,0.0,0.0,0.0
"[81] Nguyen, B.M., Tian, G., Vo, M.-T., Michel, A., Corpetti, T., Granero-Belinchon,
C.: Convolutional neural network modelling for modis land surface temper￾ature super-resolution. In: 2022 30th European Signal Processing Conference
(EUSIPCO), pp. 1806-1810 (2022). https://doi.org/10.23919/EUSIPCO55093.
2022.9909569 . IEEE",conference_paper,Convolutional neural network modelling for modis land surface temperature super-resolution,B.M. Nguyen | G. Tian | M.-T. Vo | A. Michel | T. Corpetti | C. Granero-Belinchon,2022,2022 30th European Signal Processing Conference (EUSIPCO),,,1806-1810,10.23919/EUSIPCO55093.2022.9909569,,,,,,verified,1.0,Convolutional Neural Network Modelling for MODIS Land Surface Temperature Super-Resolution,Binh Minh Nguyen | Ganglin Tian | Minh-Triet Vo | Aurelie Michel | Thomas Corpetti | Carlos Granero-Belinchon,2022 30th European Signal Processing Conference (EUSIPCO),10.23919/eusipco55093.2022.9909569,https://doi.org/10.23919/eusipco55093.2022.9909569,crossref_doi_static,Verified via static CrossRef DOI lookup (score: 1.00),23.49,0,0,0,0.0,0.0,0.0
"[82] Lee, S., Choi, Y., Choi, B., Seo, J., Song, M., Sohn, E., Ahn, S.: Guided
Super Resolution of Land Surface Temperature Using Multi-Satellite Imageries.
IEEE Transactions on Geoscience and Remote Sensing (2025) https://doi.org/.",journal_article,Guided Super Resolution of Land Surface Temperature Using Multi-Satellite Imageries,S. Lee | Y. Choi | B. Choi | J. Seo | M. Song | E. Sohn | S. Ahn,2025,IEEE Transactions on Geoscience and Remote Sensing,,,,10.1109/TGRS.2025.3572460,,,,,,verified,1.0,Guided Super Resolution of Land Surface Temperature Using Multisatellite Imageries,Sunju Lee | Yeji Choi | Beomkyu Choi | Junghoon Seo | Minki Song | Eunha Sohn | Sewoong Ahn,IEEE Transactions on Geoscience and Remote Sensing,10.1109/tgrs.2025.3572460,https://doi.org/10.1109/tgrs.2025.3572460,crossref_doi_static,Verified via static CrossRef DOI lookup (score: 1.00),81.39,0,0,0,0.0,0.0,0.0
"[83] Liu, G., Reda, F.A., Shih, K.J., Wang, T.-C., Tao, A., Catanzaro, B.: Image
inpainting for irregular holes using partial convolutions. In: Proceedings of the
European Conference on Computer Vision (ECCV), pp. 85-100 (2018)",conference_paper,Image inpainting for irregular holes using partial convolutions,G. Liu | F.A. Reda | K.J. Shih | T.-C. Wang | A. Tao | B. Catanzaro,2018,Proceedings of the European Conference on Computer Vision (ECCV),,,85-100,,,,,,,verified,1.0,Image Inpainting for Irregular Holes Using Partial Convolutions,Guilin Liu | Fitsum A. Reda | Kevin J. Shih | Ting-Chun Wang | Andrew Tao | Bryan Catanzaro,Lecture Notes in Computer Science,10.1007/978-3-030-01252-6_6,https://doi.org/10.1007/978-3-030-01252-6_6,crossref_title_static,Verified via static CrossRef title search (score: 1.00),37.99,0,0,0,0.0,0.0,0.0
"[84] Dong, J., Yin, R., Sun, X., Li, Q., Yang, Y., Qin, X.: Inpainting of remote sens￾ing SST images with deep convolutional generative adversarial network. IEEE
geoscience and remote sensing letters 16(2), 173-177 (2018) https://doi.org/10.
1109/LGRS.2018.2870880",journal_article,Inpainting of remote sensing SST images with deep convolutional generative adversarial network,J. Dong | R. Yin | X. Sun | Q. Li | Y. Yang | X. Qin,2018,IEEE geoscience and remote sensing letters,16,2,173-177,10.1109/LGRS.2018.2870880,,,,,,minor_error,1.0,Inpainting of Remote Sensing SST Images With Deep Convolutional Generative Adversarial Network,Junyu Dong | Ruiying Yin | Xin Sun | Qiong Li | Yuting Yang | Xukun Qin,IEEE Geoscience and Remote Sensing Letters,10.1109/lgrs.2018.2870880,https://doi.org/10.1109/lgrs.2018.2870880,crossref_doi_static,"Verified via static CrossRef DOI lookup (score: 1.00) Same work identified, but the citation year (2018) does not match the volume/issue (published-print) year (2019) while volume/article coordinates are present — typically online-first vs issue year; minor_error.",80.76,0,0,0,0.0,0.0,0.0
"[85] Wei, Q., Zuo, Z., Nie, J., Du, J., Diao, Y., Ye, M., Liang, X.: Inpainting of remote
sensing sea surface temperature image with multi-scale physical constraints. In:
2023 IEEE International Conference on Multimedia and Expo (ICME), pp. 492-
497 (2023). https://doi.org/10.1109/ICME55011.2023.00091 . IEEE",conference_paper,Inpainting of remote sensing sea surface temperature image with multi-scale physical constraints,Q. Wei | Z. Zuo | J. Nie | J. Du | Y. Diao | M. Ye | X. Liang,2023,2023 IEEE International Conference on Multimedia and Expo (ICME),,,492-497,10.1109/ICME55011.2023.00091,,,,,,verified,1.0,Inpainting of Remote Sensing Sea Surface Temperature image with Multi-scale Physical Constraints,Qichen Wei | Zijie Zuo | Jie Nie | Jiahao Du | Yaning Diao | Min Ye | Xinyue Liang,2023 IEEE International Conference on Multimedia and Expo (ICME),10.1109/icme55011.2023.00091,https://doi.org/10.1109/icme55011.2023.00091,crossref_doi_static,Verified via static CrossRef DOI lookup (score: 1.00),37.07,0,0,0,0.0,0.0,0.0
"[86] Huber, F., Schulz, S., Steinhage, V.: Deep interpolation of remote sensing land
surface temperature data with partial convolutions. Sensors 24(5), 1604 (2024)
https://doi.org/10.3390/s24051604",journal_article,Deep interpolation of remote sensing land surface temperature data with partial convolutions,F. Huber | S. Schulz | V. Steinhage,2024,Sensors,24,5,1604,10.3390/s24051604,,,,,,verified,1.0,Deep Interpolation of Remote Sensing Land Surface Temperature Data with Partial Convolutions,Florian Huber | Stefan Schulz | Volker Steinhage,Sensors,10.3390/s24051604,https://doi.org/10.3390/s24051604,crossref_doi_static,Verified via static CrossRef DOI lookup (score: 1.00),80.44,0,0,0,0.0,0.0,0.0
"[87] Elliott, H., Eon, C., Breadsell, J.K.: Improving City vitality through urban
heat reduction with green infrastructure and design solutions: A system￾atic literature review. Buildings 10(12), 219 (2020) https://doi.org/10.3390/
buildings10120219",journal_article,Improving City vitality through urban heat reduction with green infrastructure and design solutions: A systematic literature review,H. Elliott | C. Eon | J.K. Breadsell,2020,Buildings,10,12,219,10.3390/buildings10120219,,,,,,verified,1.0,Improving City Vitality through Urban Heat Reduction with Green Infrastructure and Design Solutions: A Systematic Literature Review,Helen Elliott | Christine Eon | Jessica Breadsell,Buildings,10.3390/buildings10120219,https://doi.org/10.3390/buildings10120219,crossref_doi_static,Verified via static CrossRef DOI lookup (score: 1.00),79.75,0,0,0,0.0,0.0,0.0
"[88] Li, Y., Svenning, J.-C., Zhou, W., Zhu, K., Abrams, J.F., Lenton, T.M., Ripple,
W.J., Yu, Z., Teng, S.N., Dunn, R.R., et al.: Green spaces provide substantial
but unequal urban cooling globally. Nature communications 15(1), 7108 (2024)
https://doi.org/10.1038/s41467-024-51355-0",journal_article,Green spaces provide substantial but unequal urban cooling globally,Y. Li | J.-C. Svenning | W. Zhou | K. Zhu | J.F. Abrams | T.M. Lenton | W.J. Ripple | Z. Yu | S.N. Teng | R.R. Dunn | et al.,2024,Nature communications,15,1,7108,10.1038/s41467-024-51355-0,,,,,,verified,0.9818181818181819,Green spaces provide substantial but unequal urban cooling globally,Yuxiang Li | Jens-Christian Svenning | Weiqi Zhou | Kai Zhu | Jesse F. Abrams | Timothy M. Lenton | William J. Ripple | Zhaowu Yu | Shuqing N. Teng | Robert R. Dunn | Chi Xu,Nature Communications,10.1038/s41467-024-51355-0,https://doi.org/10.1038/s41467-024-51355-0,crossref_doi_static,Verified via static CrossRef DOI lookup (score: 0.98),79.83,0,0,0,0.0,0.0,0.0
"[101] Berg, W.: GPM AMSR-E on AQUA Common Calibrated Brightness Tem￾peratures L1C 1.5 hours 10.5 km V07 (2021). https://doi.org/10.5067/GPM/
AMSRE/AQUA/1/07",web,GPM AMSR-E on AQUA Common Calibrated Brightness Temperatures L1C 1.5 hours 10.5 km V07,W. Berg,2021,,,,,10.5067/GPM/AMSRE/AQUA/1/07,,,,https://doi.org/10.5067/GPM/AMSRE/AQUA/1/07,,not_found,0.77,GPM AMSR-E on AQUA Common Calibrated Brightness Temperatures L1C 1.5 hours 10.5 km V07 (GPM_1CAQUAAMSRE),,NASA/GSFC/SED/ESD/TISL/GESDISC,,,NASA Open Data Portal; NASA EOSDIS/DOI endpoint,"The NASA Open Data Portal search result identifies a V07 dataset with the same substantive title and dataset code, and reports NASA/GSFC/SED/ESD/TISL/GESDISC as publisher. The cited DOI was fetched directly, but it returned only a generic EOSDIS page, not metadata identifying this dataset; therefore it does not confirm the cited DOI. NASA’s current Earthdata catalog page inspected in the URL tool is for V08, not V07, and is not evidence for the cited version. The V07 primary record establishes the same resource, but the author and 2021 date were not confirmed in the inspected direct metadata; accordingly this is not a fully verified citation. Sources: https://data.nasa.gov/dataset/gpm-amsr-e-on-aqua-common-calibrated-brightness-temperatures-l1c-1-5-hours-10-5-km-v07-gpm-9cb6c/resource/8f2bb613-0eaf-4bfa-8ea5-bc287d8d5169 ; https://doi.org/10.5067/GPM/AMSRE/AQUA/1/07",114.97,95050,1078,2,0.001958,0.006,0.007958
[102] LSA SAF: Land Surface Temperature Data Record - MSG (2019). https://doi.org/10.15770/EUM_SAF_LSA_0001,web,Land Surface Temperature Data Record - MSG,LSA SAF,2019,,,,,10.15770/EUM_SAF_LSA_0001,,,,https://doi.org/10.15770/EUM SAF LSA 0001,,verified,0.99,Land Surface Temperature Data Record - MSG,EUMETSAT LSA SAF,EUMETSAT,10.15770/EUM_SAF_LSA_0001,https://doi.org/10.15770/EUM_SAF_LSA_0001,EUMETSAT DOI landing page,"The DOI landing page directly identifies the dataset, gives its title, author, publisher, and publication year as EUMETSAT LSA SAF, EUMETSAT, and 2019. The shortened author form “LSA SAF” is a plausible abbreviation of the official organizational author. Citation and DOI record otherwise match. Source inspected: https://doi.org/10.15770/EUM_SAF_LSA_0001.",34.07,33989,456,1,0.000783,0.003,0.003783
"[103] Global Modeling and Assimilation Office (GMAO): MERRA-2 inst1 2d asm Nx:
45
2d,1-Hourly,Instantaneous,Single-Level,Assimilation,Single-Level Diagnostics
V5.12.4 (2015). https://doi.org/10.5067/3Z173KIE2TPD",web,"MERRA-2 inst1 2d asm Nx: 2d,1-Hourly,Instantaneous,Single-Level,Assimilation,Single-Level Diagnostics V5.12.4",Global Modeling and Assimilation Office (GMAO),2015,,,,,10.5067/3Z173KIE2TPD,,,,https://doi.org/10.5067/3Z173KIE2TPD,,verified,0.98,"MERRA-2 inst1_2d_asm_Nx: 2d,1-Hourly,Instantaneous,Single-Level,Assimilation,Single-Level Diagnostics 0.625 x 0.5 degree V5.12.4 (M2I1NXASM)","Global Modeling and Assimilation Office (GMAO) | Pawson, S.",NASA Goddard Earth Sciences Data and Information Services Center,10.5067/3Z173KIE2TPD,https://www.earthdata.nasa.gov/data/catalog/ges-disc-m2i1nxasm-5.12.4,NASA Earthdata Search catalog; NASA GES DISC dataset metadata via Data.gov,"Title comparison: the official NASA Earthdata catalog identifies the same MERRA-2 inst1_2d_asm_Nx instantaneous hourly assimilation dataset, and the official GES DISC/Data.gov record gives the matching 1-Hourly title and DOI. The citation's line break after “Nx:” appears to be formatting; its “45” is likely an extraction artifact, not part of the title. Venue comparison: this is a NASA GES DISC dataset, consistent with the citation of GMAO's dataset and its DOI. Author comparison: GMAO matches the creator named on the official record; the Earthdata suggested citation additionally lists S. Pawson, which the citation omits, but the cited GMAO attribution is accurate and this is not a conflicting author identity. Concrete discrepancy: Earthdata's “Copy Citation” text oddly says “2d,3-Hourly,” while the official catalog heading and the Data.gov citation for this same DOI say “2d,1-Hourly,” matching the citation; this appears to be a conflicting typo in that suggested-citation text, not an error in the cited title. The cited DOI landing page was fetched but displayed a generic “History” loading interface; the official NASA Earthdata catalog and official Data.gov dataset record were inspected and confirm the dataset identity and DOI. Verdict: verified.",39.99,66392,958,1,0.002557,0.0035,0.006057
"[104] Starfeldt, J., Molina, M.J., Kerr, A., Yang, A.: uhminicubes (2026). https://doi.
org/10.5281/zenodo.20600581",web,uhminicubes,J. Starfeldt | M.J. Molina | A. Kerr | A. Yang,2026,,,,,10.5281/zenodo.20600581,,,,https://doi.org/10.5281/zenodo.20600581,,minor_error,0.99,jstarfeldt/uhminicubes: Article submission,Jonathan Starfeldt | Maria J. Molina | Alexander Kerr | Adam Yang | Thomas R.H. Holmes | Christopher R. Hain,Zenodo,10.5281/zenodo.20600581,https://doi.org/10.5281/zenodo.20600581,Zenodo,"Direct DOI landing page on Zenodo confirms the record, DOI, title, software resource type, creators, and June 8, 2026 publication date. The cited title “uhminicubes” is a shortened title compared with the record title “jstarfeldt/uhminicubes: Article submission”; the citation also omits two creators from the record’s six-person creator list. The citation’s year and DOI match. Title comparison: related, but shortened rather than an exact title match. Venue comparison: the DOI identifies a Zenodo software record, consistent with the cited web/software-style resource and DOI. Author comparison: first four match; Holmes and Hain are omitted. Verdict: minor_error because this is the same Zenodo work, but the title is shortened and the apparently complete author list is incomplete.",33.9,34273,583,1,0.000872,0.003,0.003872
"Zhou, W., Huang, G., Pickett, S.T., Wang, J., Cadenasso, M.L., McPhearson,
T., Grove, J.M., Wang, J.: Urban tree canopy has greater cooling effects in
socially vulnerable communities in the US. One Earth 4(12), 1764-1775 (2021)
https://doi.org/10.1016/j.oneear.2021.11.010",journal_article,Urban tree canopy has greater cooling effects in socially vulnerable communities in the US,W. Zhou | G. Huang | S.T. Pickett | J. Wang | M.L. Cadenasso | T. McPhearson | J.M. Grove | J. Wang,2021,One Earth,4,12,1764-1775,,,,,,,verified,1.0,Urban tree canopy has greater cooling effects in socially vulnerable communities in the US,Weiqi Zhou | Ganlin Huang | Steward T.A. Pickett | Jing Wang | M.L. Cadenasso | Timon McPhearson | J. Morgan Grove | Jia Wang,One Earth,10.1016/j.oneear.2021.11.010,https://doi.org/10.1016/j.oneear.2021.11.010,crossref_title_static,Verified via static CrossRef title search (score: 1.00),79.93,0,0,0,0.0,0.0,0.0
"Starfeldt, J., Molina, M.J., Kerr, A., Yang, A., Holmes, T.R., Hain, C.R.: Urban
44
Heat MiniCubes (2026). https://doi.org/10.5065/GNGZ-2510",web,Urban Heat MiniCubes,J. Starfeldt | M.J. Molina | A. Kerr | A. Yang | T.R. Holmes | C.R. Hain,2026,,,,,10.5065/GNGZ-2510,,,,,,verified,0.99,Urban Heat MiniCubes,Jonathan Starfeldt | Maria J. Molina | Alexander Kerr | Adam Yang | Thomas R. H. Holmes | Christopher R. Hain,NSF National Center for Atmospheric Research,10.5065/GNGZ-2510,https://doi.org/10.5065/GNGZ-2510,NSF NCAR Geoscience Data Exchange (DASH Search),"Title comparison: exact match. Venue comparison: the citation gives a DOI rather than a venue name; the DOI resolves to the NSF NCAR Geoscience Data Exchange (DASH) dataset record, published by NSF National Center for Atmospheric Research. Author comparison: all six cited authors match the official dataset record in the same order. The official record’s suggested citation gives the same title, author sequence, 2026 date, and DOI. A separate arXiv paper has a longer title, but it is not the work identified by the cited dataset DOI. No substantive citation error found.",36.91,76689,635,2,0.001653,0.006,0.007653
"U.S. Geological Survey’s Earth Resources Observation and Science (EROS) Cen￾ter: Landsat 8-9 Operational Land Imager / Thermal Infrared Sensor Level-2,
Collection 2, Tier 1 (2020). https://doi.org/10.5066/P9OGBGM6",web,"Landsat 8-9 Operational Land Imager / Thermal Infrared Sensor Level-2, Collection 2, Tier 1",U.S. Geological Survey’s Earth Resources Observation and Science (EROS) Center,2020,,,,,10.5066/P9OGBGM6,,,,,,minor_error,0.99,"Landsat 8-9 Operational Land Imager / Thermal Infrared Sensor Level-2, Collection 2",Earth Resources Observation and Science (EROS) Center,U.S. Geological Survey,10.5066/P9OGBGM6,https://doi.org/10.5066/P9OGBGM6,U.S. Geological Survey (USGS EROS Archive),"The DOI resolves to the USGS EROS Archive page, which explicitly provides the preferred dataset citation and identifies the DOI as unchanged. The cited title adds “Tier 1,” which is absent from the official dataset title, and the official citation does not include that tier phrase. This is a title-content discrepancy for the same dataset, so the verdict is minor_error, not a different work. The official page also gives the cited corporate author and 2020 year.",41.01,39969,620,1,0.001455,0.003,0.004455
"European Space Agency: Sentinel-1 Ground Range Detected Product (2014).
https://browser.dataspace.copernicus.eu/",web,Sentinel-1 Ground Range Detected Product,European Space Agency,2014,,,,,,,,,https://browser.dataspace.copernicus.eu/,,minor_error,0.86,Sentinel-1 Ground Range Detected (GRD),ESA,Copernicus Data Space Ecosystem STAC API,,https://browser.stac.dataspace.copernicus.eu/collections/sentinel-1-grd,Copernicus Data Space Ecosystem STAC collection; Copernicus Sentinel-1 documentation,"The supplied URL https://browser.dataspace.copernicus.eu/ responded as live according to the precheck, but URL-context retrieval could not render it because it requires JavaScript; this is inconclusive, not evidence of a dead URL. The official Copernicus Sentinel-1 documentation describes the Level 1 GRD products and states their temporal extent begins in October 2014. The official Copernicus STAC collection is titled “Sentinel-1 Ground Range Detected (GRD),” identifies ESA as provider, and gives temporal extent beginning 2014-10-04. These sources support the product and 2014 date, but the cited browser URL is a general browser rather than the specific product or official collection record. This is best treated as the same product identified with a non-specific locator and a shortened title, rather than a fabricated work.",69.19,61180,850,2,0.002053,0.006,0.008053
"GOES-R Algorithm Working Group; NOAA Geostationary Operation Envi￾ronmental Satellite-R Series: NOAA Geostationary Operation Environmental
Satellite-R Series (GOES-R Series) Advanced Baseline Imager (ABI) Level 2
Cloud and Moisture Imagery Products (CMIP) (2017). https://doi.org/10.7289/
V5736P36",web,NOAA Geostationary Operation Environmental Satellite-R Series (GOES-R Series) Advanced Baseline Imager (ABI) Level 2 Cloud and Moisture Imagery Products (CMIP),GOES-R Algorithm Working Group | NOAA Geostationary Operation Environmental Satellite-R Series,2017,,,,,10.7289/V5736P36,,,,,,verified,0.99,NOAA Geostationary Operation Environmental Satellite-R Series (GOES-R Series) Advanced Baseline Imager (ABI) Level 2 Cloud and Moisture Imagery Products (CMIP),GOES-R Algorithm Working Group | NOAA Geostationary Operation Environmental Satellite-R Series,NOAA National Centers for Environmental Information,10.7289/V5736P36,,NOAA National Centers for Environmental Information,"The primary NOAA NCEI dataset landing-page search result identifies the cited title, corporate creators, 2017 citation year, NCEI as publisher, and DOI 10.7289/V5736P36. Title, venue, and author comparisons match; the citation is verified. I attempted to fetch both the DOI landing page and the NOAA NCEI metadata page directly, but the URL-context response was empty, so that direct access was inconclusive. NOAA NCEI primary metadata record: https://www.ncei.noaa.gov/access/metadata/landing-page/bin/iso?id=gov.noaa.ncdc:C01502.",77.55,52428,556,1,0.001035,0.003,0.004035
"Remote Sensing Systems: RSS WindSat L1C Calibrated TB Version 8 (2022).
https://doi.org/10.5067/WSA80-1CRTB",web,RSS WindSat L1C Calibrated TB Version 8,Remote Sensing Systems,2022,,,,,10.5067/WSA80-1CRTB,,,,,,verified,0.99,RSS WindSat L1C Calibrated TB Version 8,Remote Sensing Systems,NASA Physical Oceanography Distributed Active Archive Center,10.5067/WSA80-1CRTB,https://doi.org/10.5067/WSA80-1CRTB,NASA Earthdata,"The DOI landing page at NASA Earthdata directly identifies the dataset, supplies the same title and DOI, and provides a citation naming NASA Physical Oceanography Distributed Active Archive Center and the year 2022. The page describes the dataset as Level 1C WindSat data processed by RSS. Title, venue/repository, authoring organization, year, and DOI match the citation. This is a dataset citation, not a journal article; no journal venue is expected.",37.87,35765,543,1,0.001004,0.003,0.004004
"Meier, W.N., Markus, T., Comiso, J.C.: AMSR-E/AMSR2 Unified L3 Daily
12.5 km Brightness Temperatures, Sea Ice Concentration, Motion & Snow
Depth Polar Grids. (AU SI12, Version 1) (2018). https://doi.org/10.5067/
RA1MIJOYPK3P",web,"AMSR-E/AMSR2 Unified L3 Daily 12.5 km Brightness Temperatures, Sea Ice Concentration, Motion & Snow Depth Polar Grids. (AU SI12, Version 1)",W.N. Meier | T. Markus | J.C. Comiso,2018,,,,,10.5067/RA1MIJOYPK3P,,,,,,verified,0.99,"AMSR-E/AMSR2 Unified L3 Daily 12.5 km Brightness Temperatures, Sea Ice Concentration, Motion & Snow Depth Polar Grids, Version 1",W. N. Meier | T. Markus | J. C. Comiso,NASA National Snow and Ice Data Center Distributed Active Archive Center,10.5067/RA1MIJOYPK3P,https://doi.org/10.5067/RA1MIJOYPK3P,NSIDC DAAC / DOI landing page,"The DOI landing page identifies the specific dataset as AU_SI12, DOI 10.5067/RA1MIJOYPK3P, and gives its title as “AMSR-E/AMSR2 Unified L3 Daily 12.5 km Brightness Temperatures, Sea Ice Concentration, Motion & Snow Depth Polar Grids, Version 1.” The official NSIDC user guide independently gives the dataset’s prescribed citation, including the matching three authors and 2018 year. The citation's parenthetical “(AU SI12, Version 1)” is a formatting variation of the official dataset identifier/version, not a substantive error. Title comparison: substantive wording matches; venue comparison: the NSIDC DAAC dataset is the identified source; author comparison: all named authors and order match. Therefore the citation identifies the same work with no concrete error.",72.21,35761,615,1,0.001025,0.003,0.004025
"Berg, W.: GPM SSMI on F13 Common Calibrated Brightness Temperatures L1C
1.5 hours 13 km V07 (2021). https://doi.org/10.5067/GPM/SSMI/F13/1C/07",web,GPM SSMI on F13 Common Calibrated Brightness Temperatures L1C 1.5 hours 13 km V07,W. Berg,2021,,,,,10.5067/GPM/SSMI/F13/1C/07,,,,,,minor_error,0.94,GPM SSMI on F13 Common Calibrated Brightness Temperatures L1C 1.5 hours 13 km V07,W. Berg,NASA Goddard Earth Sciences Data and Information Services Center,10.5067/GPM/SSMI/F13/1C/07,,NASA Earthdata / GES DISC catalog record,"The NASA Earthdata catalog record for this specific dataset and DOI confirms the cited title and W. Berg as author. The citation gives 2021, while the official NASA recommended citation identifies the dataset as 2022; this is a concrete year discrepancy, so the same work is confirmed with a minor error. I attempted to fetch both the DOI landing page and the NASA catalog page, but the URL-context response returned no page content; the official NASA Earthdata search result nevertheless exposed the dataset’s own record and recommended citation. Sources: https://www.earthdata.nasa.gov/data/catalog/ges-disc-gpm-1cf13ssmi-07 and https://doi.org/10.5067/GPM/SSMI/F13/1C/07.",191.91,71139,808,2,0.001426,0.0055,0.006926
"Berg, W.: GPM SSMI on F14 Common Calibrated Brightness Temperatures L1C
1.5 hours 13 km V07 (2021). https://doi.org/10.5067/GPM/SSMI/F14/1C/07",web,GPM SSMI on F14 Common Calibrated Brightness Temperatures L1C 1.5 hours 13 km V07,W. Berg,2021,,,,,10.5067/GPM/SSMI/F14/1C/07,,,,,,minor_error,0.91,GPM SSMI on F14 Common Calibrated Brightness Temperatures L1C 1.5 hours 13 km V07,,NASA Goddard Earth Sciences Data and Information Services Center,10.5067/GPM/SSMI/F14/1C/07,https://www.earthdata.nasa.gov/data/catalog/ges-disc-gpm-1cf14ssmi-07,NASA Earthdata / GES DISC,"The NASA Earthdata GES DISC catalog page directly confirms the dataset title and DOI. Its official citation gives the year as 2022, whereas the cited entry gives 2021; this is a concrete year discrepancy for the dataset record. The official page does not list W. Berg as author, so the cited author is not independently confirmed there. DOI resolution led to EOSDIS content, and the specific NASA Earthdata catalog page was inspected. Because the work itself is directly confirmed but the year differs, this is a minor metadata error, not evidence that the dataset is fabricated.",143.58,53973,629,1,0.001183,0.0035,0.004683
"Berg, W.: GPM SSMI on F15 Common Calibrated Brightness Temperatures L1C
1.5 hours 13 km V07 (2021). https://doi.org/10.5067/GPM/SSMI/F15/1C/07",web,GPM SSMI on F15 Common Calibrated Brightness Temperatures L1C 1.5 hours 13 km V07,W. Berg,2021,,,,,10.5067/GPM/SSMI/F15/1C/07,,,,,,verified,0.9,GPM SSMI on F15 Common Calibrated Brightness Temperatures L1C 1.5 hours 13 km V07 (GPM_1CF15SSMI),,NASA/GSFC/SED/ESD/TISL/GESDISC,10.5067/GPM/SSMI/F15/1C/07,https://data.nasa.gov/dataset/gpm-ssmi-on-f15-common-calibrated-brightness-temperatures-l1c-1-5-hours-13-km-v07-gpm-1cf1-04d9a,NASA Open Data Portal,"Title comparison: the NASA Open Data Portal record gives the same dataset title, adding the product identifier “(GPM_1CF15SSMI).” Venue comparison: the record identifies the publisher as NASA/GSFC/SED/ESD/TISL/GESDISC. The DOI resolver fetch returned no page content, so that check was inconclusive; the NASA portal record independently lists the exact DOI as the dataset identifier. The record does not establish the cited year or author, but neither is contradicted by the direct record. The cited work is a dataset, and the title, NASA source, and identifier identify the same resource; status: verified.",182.14,52138,677,1,0.00111,0.0035,0.00461
"Berg, W.: GPM SSMIS on F16 Common Calibrated Brightness Temperatures
L1C 1.5 hours 12 km V08 (2026). https://doi.org/10.5067/GPM/SSMIS/F16/
1C/08",web,GPM SSMIS on F16 Common Calibrated Brightness Temperatures L1C 1.5 hours 12 km V08,W. Berg,2026,,,,,10.5067/GPM/SSMIS/F16/1C/08,,,,,,verified,0.99,GPM SSMIS on F16 Common Calibrated Brightness Temperatures L1C 1.5 hours 12 km V08,Wesley Berg,NASA Goddard Earth Sciences Data and Information Services Center,10.5067/GPM/SSMIS/F16/1C/08,https://www.earthdata.nasa.gov/data/catalog/ges-disc-gpm-1cf16ssmis-08,NASA Earthdata / Goddard Earth Sciences Data and Information Services Center,"Title comparison: exact title match. Venue comparison: the raw citation gives no separate venue, which is acceptable for this dataset citation; the NASA Earthdata record identifies NASA Goddard Earth Sciences Data and Information Services Center as the publisher/data center. Author comparison: W. Berg matches Wesley Berg. The DOI resolves to the NASA CMR record, whose CollectionCitations metadata confirms the title, creator, publisher, 2026 release date, and DOI; the NASA Earthdata catalog page also supplies the same citation. The cited 2026 year is supported by the record’s release date of 2026-03-10, which is before the stated current date, 2026-09-24.",160.73,61326,629,1,0.001711,0.0035,0.005211
"GPM Science Team: GPM TMI on TRMM Common Calibrated Brightness
Temperatures L1C 1.5 hours 13 km V07 (2021). https://doi.org/10.5067/GPM/
TMI/TRMM/1C/07",web,GPM TMI on TRMM Common Calibrated Brightness Temperatures L1C 1.5 hours 13 km V07,GPM Science Team,2021,,,,,10.5067/GPM/TMI/TRMM/1C/07,,,,,,verified,0.96,GPM TMI on TRMM Common Calibrated Brightness Temperatures L1C 1.5 hours 13 km V07,GPM Science Team,NASA Goddard Earth Sciences Data and Information Services Center (GES DISC),10.5067/GPM/TMI/TRMM/1C/07,,NASA Earthdata / GES DISC catalog,"The citation identifies a NASA GES DISC dataset. The NASA Earthdata catalog search result links the exact dataset title to DOI 10.5067/GPM/TMI/TRMM/1C/07 and gives a dataset citation naming NASA Goddard Earth Sciences Data and Information Services Center. This is direct NASA catalog evidence for the specific dataset. The dataset citation shown by Earthdata gives 2022, whereas the bibliography says 2021; since this is a dataset and the available catalog evidence does not establish that 2021 is definitively wrong (the displayed record may reflect a catalog or version date), I do not treat the year difference as a concrete error. DOI landing-page fetch returned no content, but the NASA catalog record confirms the work. Search results: https://www.earthdata.nasa.gov/data/catalog/ges-disc-gpm-1ctrmmtmi-07. Title comparison: exact match. Venue comparison: the NASA GES DISC source is consistent with this dataset record; the citation does not specify a different venue. Author comparison: GPM Science Team matches. Therefore the specific work is fundamentally the same and the citation is verified.",153.1,51939,642,1,0.001053,0.0035,0.004553
