raw_text,citation_type,title,authors,year,journal,volume,issue,pages,doi,isbn,book_title,publisher,url,date_accessed,verification_status,confidence,matched_title,matched_authors,matched_venue,matched_doi,source_url,source,notes,elapsed_seconds,input_tokens,output_tokens,web_search_calls,token_cost_usd,web_search_cost_usd,cost_usd
"Ahern, J., C. Margerison-Zilko, A. Hubbard, and S. Galea (2013). Alcohol outlets and binge drinking in urban neighborhoods: The implications of nonlinearity for intervention and policy. American Journal of Public Health 103 (4), 81-87.",journal_article,Alcohol outlets and binge drinking in urban neighborhoods: The implications of nonlinearity for intervention and policy,"Ahern, J. | C. Margerison-Zilko | A. Hubbard | S. Galea",2013,American Journal of Public Health,103,4,81-87,,,,,,,verified,1.0,Alcohol Outlets and Binge Drinking in Urban Neighborhoods: The Implications of Nonlinearity for Intervention and Policy,Jennifer Ahern | Claire Margerison-Zilko | Alan Hubbard | Sandro Galea,American Journal of Public Health,10.2105/ajph.2012.301203,https://doi.org/10.2105/ajph.2012.301203,crossref_title_static,Verified via static CrossRef title search (score: 1.00),90.04,0,0,0,0.0,0.0,0.0
"Allison, P. D. (1990). Change scores as dependent variables in regression analysis. Sociological Methodology 20, 93-114.",journal_article,Change scores as dependent variables in regression analysis,"Allison, P. D.",1990,Sociological Methodology,20,,93-114,,,,,,,verified,1.0,Change Scores as Dependent Variables in Regression Analysis,Paul D. Allison,Sociological Methodology,10.2307/271083,https://doi.org/10.2307/271083,crossref_title_static,Verified via static CrossRef title search (score: 1.00),90.43,0,0,0,0.0,0.0,0.0
"Andresen, M. A. (2011). The ambient population and crime analysis. The Professional Geographer 63 (2), 193-212.",journal_article,The ambient population and crime analysis,"Andresen, M. A.",2011,The Professional Geographer,63,2,193-212,,,,,,,verified,1.0,The Ambient Population and Crime Analysis,Martin A. Andresen,The Professional Geographer,10.1080/00330124.2010.547151,https://doi.org/10.1080/00330124.2010.547151,crossref_title_static,Verified via static CrossRef title search (score: 1.00),91.09,0,0,0,0.0,0.0,0.0
"Andresen, M. A. and N. Malleson (2010). Testing the stability of crime patterns: Implications for theory and policy. Journal of Research in Crime and Delinquency 48 (1), 58-82.",journal_article,Testing the stability of crime patterns: Implications for theory and policy,"Andresen, M. A. | N. Malleson",2010,Journal of Research in Crime and Delinquency,48,1,58-82,,,,,,,minor_error,1.0,Testing the Stability of Crime Patterns: Implications for Theory and Policy,Martin A. Andresen | Nicolas Malleson,Journal of Research in Crime and Delinquency,10.1177/0022427810384136,https://doi.org/10.1177/0022427810384136,crossref_title_static,"Verified via static CrossRef title search (score: 1.00) Same work identified, but the citation year (2010) does not match the volume/issue (published-print) year (2011) while volume/article coordinates are present — typically online-first vs issue year; minor_error.",91.64,0,0,0,0.0,0.0,0.0
"Anselin, L. (1988). Spatial Econometrics: Methods and Models. Dordrecht, The Netherlands: Kluwer Academic Publishers.",book,Spatial Econometrics: Methods and Models,"Anselin, L.",1988,,,,,,,,Kluwer Academic Publishers,,,verified,1.0,Spatial Econometrics: Methods and Models,Luc Anselin,Studies in Operational Regional Science,10.1007/978-94-015-7799-1,https://doi.org/10.1007/978-94-015-7799-1,crossref_title_static,Verified via static CrossRef title search (score: 1.00),92.19,0,0,0,0.0,0.0,0.0
"Anselin, L. (1995). Local indicators of spatial association- LISA. Geographical Analysis 27 (2), 93-115.",journal_article,Local indicators of spatial association- LISA,"Anselin, L.",1995,Geographical Analysis,27,2,93-115,,,,,,,verified,0.993103448275862,Local Indicators of Spatial Association—LISA,Luc Anselin,Geographical Analysis,10.1111/j.1538-4632.1995.tb00338.x,https://doi.org/10.1111/j.1538-4632.1995.tb00338.x,crossref_title_static,Verified via static CrossRef title search (score: 0.99),92.65,0,0,0,0.0,0.0,0.0
"Anselin, L. and D. Arribas-Bel (2013). Spatial fixed effects and spatial dependence in a single cross-section. Papers in Regional Science 92 (1), 3-17.",journal_article,Spatial fixed effects and spatial dependence in a single cross-section,"Anselin, L. | D. Arribas-Bel",2013,Papers in Regional Science,92,1,3-17,,,,,,,verified,1.0,Spatial fixed effects and spatial dependence in a single cross‐section,Luc Anselin | Daniel Arribas-Bel,Papers in Regional Science,10.1111/j.1435-5957.2012.00480.x,https://doi.org/10.1111/j.1435-5957.2012.00480.x,crossref_title_static,Verified via static CrossRef title search (score: 1.00),93.26,0,0,0,0.0,0.0,0.0
"Anselin, L. and W. K. Cho (2002). Spatial effects and ecological inference. Political Analysis 10 (1), 276-297.",journal_article,Spatial effects and ecological inference,"Anselin, L. | W. K. Cho",2002,Political Analysis,10,1,276-297,,,,,,,verified,1.0,Spatial Effects and Ecological Inference,Luc Anselin | Wendy K. Tam Cho,Political Analysis,10.1093/pan/10.3.276,https://doi.org/10.1093/pan/10.3.276,crossref_title_static,Verified via static CrossRef title search (score: 1.00),93.75,0,0,0,0.0,0.0,0.0
"Bellair, P. E. and C. R. Browning (2010). Contemporary disorganization research: An assessment and further test of the systemic model of neighborhood crime. Journal of Research in Crime and Delinquency 47 (4), 496-521.",journal_article,Contemporary disorganization research: An assessment and further test of the systemic model of neighborhood crime,"Bellair, P. E. | C. R. Browning",2010,Journal of Research in Crime and Delinquency,47,4,496-521,,,,,,,verified,1.0,Contemporary Disorganization Research: An Assessment and Further Test of the Systemic Model of Neighborhood Crime,Paul E. Bellair | Christopher R. Browning,Journal of Research in Crime and Delinquency,10.1177/0022427810375578,https://doi.org/10.1177/0022427810375578,crossref_title_static,Verified via static CrossRef title search (score: 1.00),94.32,0,0,0,0.0,0.0,0.0
"Berk, R. A. (2005). Knowing when to fold ’em: An essay on evaluating the impact of CEASEFIRE, COMPSTAT, and EXILE*. Criminology & Public Policy 4 (3), 451-466.",journal_article,"Knowing when to fold ’em: An essay on evaluating the impact of CEASEFIRE, COMPSTAT, and EXILE*","Berk, R. A.",2005,Criminology & Public Policy,4,3,451-466,,,,,,,verified,1.0,"KNOWING WHEN TO FOLD 'EM: AN ESSAY ON EVALUATING THE IMPACT OF CEASEFIRE, COMPSTAT, AND EXILE *",RICHARD A. BERK,Criminology &amp; Public Policy,10.1111/j.1745-9133.2005.00314.x,https://doi.org/10.1111/j.1745-9133.2005.00314.x,crossref_title_static,Verified via static CrossRef title search (score: 1.00),94.69,0,0,0,0.0,0.0,0.0
"Berk, R. A. and J. MacDonald (2008). Overdispersion and poisson regression. Journal of Quantitative Criminology 24 (3), 269-284.",journal_article,Overdispersion and poisson regression,"Berk, R. A. | J. MacDonald",2008,Journal of Quantitative Criminology,24,3,269-284,,,,,,,verified,1.0,Overdispersion and Poisson Regression,Richard Berk | John M. MacDonald,Journal of Quantitative Criminology,10.1007/s10940-008-9048-4,https://doi.org/10.1007/s10940-008-9048-4,crossref_title_static,Verified via static CrossRef title search (score: 1.00),95.37,0,0,0,0.0,0.0,0.0
"Bernasco, W. and R. L. Block (2009). Where offenders choose to attack: A discrete choice model of robberies in Chicago. Criminology 47 (1), 93-130.",journal_article,Where offenders choose to attack: A discrete choice model of robberies in Chicago,"Bernasco, W. | R. L. Block",2009,Criminology,47,1,93-130,,,,,,,verified,1.0,WHERE OFFENDERS CHOOSE TO ATTACK: A DISCRETE CHOICE MODEL OF ROBBERIES IN CHICAGO*,WIM BERNASCO | RICHARD BLOCK,Criminology,10.1111/j.1745-9125.2009.00140.x,https://doi.org/10.1111/j.1745-9125.2009.00140.x,crossref_title_static,Verified via static CrossRef title search (score: 1.00),95.39,0,0,0,0.0,0.0,0.0
"Bernasco, W. and R. L. Block (2010). Robberies in Chicago: A block-level analysis of the influence of crime generators, crime attractors, and offender anchor points. Journal of Research in Crime and Delinquency 48 (1), 33-57.",journal_article,"Robberies in Chicago: A block-level analysis of the influence of crime generators, crime attractors, and offender anchor points","Bernasco, W. | R. L. Block",2010,Journal of Research in Crime and Delinquency,48,1,33-57,,,,,,,minor_error,1.0,"Robberies in Chicago: A Block-Level Analysis of the Influence of Crime Generators, Crime Attractors, and Offender Anchor Points",Wim Bernasco | Richard Block,Journal of Research in Crime and Delinquency,10.1177/0022427810384135,https://doi.org/10.1177/0022427810384135,crossref_title_static,"Verified via static CrossRef title search (score: 1.00) Same work identified, but the citation year (2010) does not match the volume/issue (published-print) year (2011) while volume/article coordinates are present — typically online-first vs issue year; minor_error.",95.89,0,0,0,0.0,0.0,0.0
"Beyerlein, K. and J. R. Hipp (2005). Social capital, too much of a good thing? American religous traditions and community crime. Social Forces 84 (2), 995-1013.",journal_article,"Social capital, too much of a good thing? American religous traditions and community crime","Beyerlein, K. | J. R. Hipp",2005,Social Forces,84,2,995-1013,,,,,,,verified,0.9966101694915255,"Social Capital, Too Much of a Good Thing? American Religious Traditions and Community Crime",K. Beyerlein | J. R. Hipp,Social Forces,10.1353/sof.2006.0004,https://doi.org/10.1353/sof.2006.0004,crossref_title_static,Verified via static CrossRef title search (score: 1.00),96.1,0,0,0,0.0,0.0,0.0
"Blalock, Jr., H. M. (1972). Causal inferences in nonexperimental research. New York: W. W. Norton & Company, Inc.",book,Causal inferences in nonexperimental research,"Blalock, Jr., H. M.",1972,,,,,,0393006425,,"W. W. Norton & Company, Inc.",,,verified,0.94,Causal inferences in nonexperimental research,Hubert M. Blalock,"New York, NY : Norton Library",,,Internet Archive book record,"The directly inspected Internet Archive book record lists the exact title, Hubert M. Blalock as author, publication date 1972, and Norton Library as publisher/imprint. It also gives ISBN 9780393006421 and LCCN 72002903. The citation’s “W. W. Norton & Company, Inc.” is consistent with the Norton imprint named in that record. A separate search result for the National Library of Australia describes the earlier 1964 University of North Carolina Press edition, not the cited 1972 Norton edition. Verdict: verified.",154.9,72334,729,2,0.001462,0.0055,0.006962
"Block, R. L. and C. R. Block (1995). Space, place, and crime: Hot spot areas and hot places of liquor-related crime. Crime Prevention Studies 4, 145-184.",journal_article,"Space, place, and crime: Hot spot areas and hot places of liquor-related crime","Block, R. L. | C. R. Block",1995,Crime Prevention Studies,4,,145-184,,,,,,,verified,0.99,"Space, Place, and Crime: Hot Spot Areas and Hot Places of Liquor-related Crime",Richard L. Block | Carolyn R. Block,"Crime Prevention Studies, Volume 4",,https://popcenter.asu.edu/sites/g/files/litvpz3631/files/library/CrimePrevention/Volume_04/07-BlockBlock-2.pdf,ASU Center for Problem-Oriented Policing (official volume page and chapter PDF),"The official ASU Center for Problem-Oriented Policing page for Crime Prevention Studies, Volume 4 lists this chapter and its authors; the official chapter PDF confirms the title, authors, and opening page 145. The volume’s title page identifies it as Crime Prevention Studies, Volume 4 and gives the year 1995. Coordinates check: the official volume-4 contents place the chapter at page 145; the chapter PDF runs through page 184. The cited end page is therefore consistent with the direct chapter record. Title comparison: substantive wording matches; the citation uses “liquor-related” while the official record capitalizes “Liquor-related,” a capitalization-only difference. Venue comparison: Crime Prevention Studies, Volume 4 matches. Author comparison: both cited authors match the official chapter authors. Verdict: verified; no substantive citation error identified.",153.23,65038,584,1,0.00379,0.003,0.00679
"Boggs, S. L. (1965). Urban crime patterns. American Sociological Review 30 (6), 899-908.",journal_article,Urban crime patterns,"Boggs, S. L.",1965,American Sociological Review,30,6,899-908,,,,,,,verified,1.0,Urban Crime Patterns,Sarah L. Boggs,American Sociological Review,10.2307/2090968,https://doi.org/10.2307/2090968,crossref_title_static,Verified via static CrossRef title search (score: 1.00),97.14,0,0,0,0.0,0.0,0.0
"Boots, B. N. (1986). Voronoi (Thiessen) Polygons. Norwich: Geo Books.",book,Voronoi (Thiessen) Polygons,"Boots, B. N.",1986,,,,,,086094221X,,Geo Books,,,not_found,0.76,Voronoi (Thiessen) polygons.,B. N. Boots,,,,GéoProdig - CNRS,"The official CNRS GéoProdig catalog record directly confirms a monograph titled “Voronoi (Thiessen) polygons” by B. N. Boots, but its record gives the date as “sd” (no date) and the publisher as unknown. Google Books was also inspected and displays the title and author, but the fetched record did not establish the cited 1986 date or Geo Books publisher. The remaining search results for those details were secondary citations, which are not sufficient under the primary-evidence requirement. The citation therefore could not be verified in full; no conflicting primary record was found.",156.64,70788,835,2,0.001433,0.0055,0.006933
"Bowers, K. (2013). Risky facilities: Crime radiators or crime absorbers? A comparison of internal and external levels of theft. Journal of Quantitative Criminology, Online First.",journal_article,Risky facilities: Crime radiators or crime absorbers? A comparison of internal and external levels of theft,"Bowers, K.",2013,Journal of Quantitative Criminology,,,,,,,,,,verified,1.0,Risky Facilities: Crime Radiators or Crime Absorbers? A Comparison of Internal and External Levels of Theft,Kate Bowers,Journal of Quantitative Criminology,10.1007/s10940-013-9208-z,https://doi.org/10.1007/s10940-013-9208-z,crossref_title_static,Verified via static CrossRef title search (score: 1.00),98.31,0,0,0,0.0,0.0,0.0
"Bowers, K. J., S. D. Johnson, and A. F. G. Hirschfield (2004). Closing off opportunities for crime: An evaluation of alley-gating. European Journal of Criminal Policy and Research 10 (4), 285-308.",journal_article,Closing off opportunities for crime: An evaluation of alley-gating,"Bowers, K. J. | Johnson, S. D. | Hirschfield, A. F. G.",2004,European Journal of Criminal Policy and Research,10,4,285-308,,,,,,,verified,1.0,Closing Off Opportunities for Crime: An Evaluation of Alley-Gating,Kate J. Bowers | Shane D. Johnson | Alex F. G. Hirschfield,European Journal on Criminal Policy and Research,10.1007/s10610-005-5502-0,https://doi.org/10.1007/s10610-005-5502-0,crossref_title_static,Verified via static CrossRef title search (score: 1.00),98.22,0,0,0,0.0,0.0,0.0
"Bowers, K. J., S. D. Johnson, R. T. Guerette, L. Summers, and S. Poynton (2011). Spatial displacement and diffusion of benifits among geographically focused policing intiatives: A meta-analytical review. Journal of Experimental Criminology 7 (4), 347-374.",journal_article,Spatial displacement and diffusion of benifits among geographically focused policing intiatives: A meta-analytical review,"Bowers, K. J. | Johnson, S. D. | Guerette, R. T. | Summers, L. | Poynton, S.",2011,Journal of Experimental Criminology,7,4,347-374,,,,,,,verified,0.9924686192468619,Spatial displacement and diffusion of benefits among geographically focused policing initiatives: a meta-analytical review,Kate J. Bowers | Shane D. Johnson | Rob T. Guerette | Lucia Summers | Suzanne Poynton,Journal of Experimental Criminology,10.1007/s11292-011-9134-8,https://doi.org/10.1007/s11292-011-9134-8,crossref_title_static,Verified via static CrossRef title search (score: 0.99),98.51,0,0,0,0.0,0.0,0.0
"Braga, A. A. (2001). The effects of hot spots policing on crime. The Annals of the American Academy of Political and Social Science 578 (1), 104-125.",journal_article,The effects of hot spots policing on crime,"Braga, A. A.",2001,The Annals of the American Academy of Political and Social Science,578,1,104-125,,,,,,,verified,1.0,The Effects of Hot Spots Policing on Crime,A. A. BRAGA,The ANNALS of the American Academy of Political and Social Science,10.1177/0002716201578001007,https://doi.org/10.1177/0002716201578001007,crossref_title_static,Verified via static CrossRef title search (score: 1.00),98.96,0,0,0,0.0,0.0,0.0
"Braga, A. A., A. V. Papachristos, and D. M. Hureau (2010). The concentration and stability of gun violence at micro places in Boston, 1980-2008. Journal of Quantitative Criminology 26 (1), 33-53.",journal_article,"The concentration and stability of gun violence at micro places in Boston, 1980-2008","Braga, A. A. | Papachristos, A. V. | Hureau, D. M.",2010,Journal of Quantitative Criminology,26,1,33-53,,,,,,,verified,1.0,"The Concentration and Stability of Gun Violence at Micro Places in Boston, 1980–2008",Anthony A. Braga | Andrew V. Papachristos | David M. Hureau,Journal of Quantitative Criminology,10.1007/s10940-009-9082-x,https://doi.org/10.1007/s10940-009-9082-x,crossref_title_static,Verified via static CrossRef title search (score: 1.00),99.39,0,0,0,0.0,0.0,0.0
"Branas, C. C., R. A. Cheney, J. M. MacDonald, V. W. Tam, T. D. Jackson, and T. R. Ten Have (2011). A difference-in-differences analysis of health, safety, and greening vacant urban space. American Journal of Epidemiology 174 (11), 1296-1306.",journal_article,"A difference-in-differences analysis of health, safety, and greening vacant urban space","Branas, C. C. | Cheney, R. A. | MacDonald, J. M. | Tam, V. W. | Jackson, T. D. | Ten Have, T. R.",2011,American Journal of Epidemiology,174,11,1296-1306,,,,,,,verified,1.0,"A Difference-in-Differences Analysis of Health, Safety, and Greening Vacant Urban Space",Charles C. Branas | Rose A. Cheney | John M. MacDonald | Vicky W. Tam | Tara D. Jackson | Thomas R. Ten Have,American Journal of Epidemiology,10.1093/aje/kwr273,https://doi.org/10.1093/aje/kwr273,crossref_title_static,Verified via static CrossRef title search (score: 1.00),99.68,0,0,0,0.0,0.0,0.0
"Brandt, P. T., J. T. Williams, B. O. Fordham, and B. Pollins (2000). Dynamic modeling for persistent event-count time series. American Journal of Political Science 44 (4), 823-843.",journal_article,Dynamic modeling for persistent event-count time series,"Brandt, P. T. | Williams, J. T. | Fordham, B. O. | Pollins, B.",2000,American Journal of Political Science,44,4,823-843,,,,,,,verified,1.0,Dynamic Modeling for Persistent Event-Count Time Series,Patrick T. Brandt | John T. Williams | Benjamin O. Fordham | Brain Pollins,American Journal of Political Science,10.2307/2669284,https://doi.org/10.2307/2669284,crossref_title_static,Verified via static CrossRef title search (score: 1.00),99.98,0,0,0,0.0,0.0,0.0
"Brantingham, P. and P. Brantingham (1995). Criminality of place. European Journal of Criminal Policy and Research 3 (3), 5-26.",journal_article,Criminality of place,"Brantingham, P. | Brantingham, P.",1995,European Journal of Criminal Policy and Research,3,3,5-26,,,,,,,verified,0.99,Criminality of place,Patricia Brantingham | Paul Brantingham,European Journal on Criminal Policy and Research,10.1007/BF02242925,https://doi.org/10.1007/BF02242925,Springer Nature (DOI landing page),"The Springer DOI landing page directly identifies the cited article and gives the citation as Brantingham, P., Brantingham, P., “Criminality of place,” Eur J Crim Policy Res 3, 5–26 (1995), DOI 10.1007/BF02242925. The full journal name in the citation and the publisher’s abbreviation refer to the same venue. Search indexing identifies the two authors as Patricia and Paul Brantingham. Title, venue, year, volume, and pages match; no substantive discrepancy found.",157.56,70072,655,2,0.001298,0.0055,0.006798
"Brantingham, P. J., G. E. Tita, M. B. Short, and S. E. Reid (2012). The ecology of gang territorial boundaries. Criminology 50 (3), 851-885.",journal_article,The ecology of gang territorial boundaries,"Brantingham, P. J. | Tita, G. E. | Short, M. B. | Reid, S. E.",2012,Criminology,50,3,851-885,,,,,,,verified,1.0,THE ECOLOGY OF GANG TERRITORIAL BOUNDARIES*,P. JEFFREY BRANTINGHAM | GEORGE E. TITA | MARTIN B. SHORT | SHANNON E. REID,Criminology,10.1111/j.1745-9125.2012.00281.x,https://doi.org/10.1111/j.1745-9125.2012.00281.x,crossref_title_static,Verified via static CrossRef title search (score: 1.00),100.6,0,0,0,0.0,0.0,0.0
"Brantingham, P. L. and P. J. Brantingham (1993). Nodes, paths and edges: Considerations on the complexity of crime and the physical environment. Journal of Environmental Pyschology 13 (1), 3-28.",journal_article,"Nodes, paths and edges: Considerations on the complexity of crime and the physical environment","Brantingham, P. L. | Brantingham, P. J.",1993,Journal of Environmental Pyschology,13,1,3-28,,,,,,,verified,1.0,"Nodes, paths and edges: Considerations on the complexity of crime and the physical environment",Patricia L. Brantingham | Paul J. Brantingham,Journal of Environmental Psychology,10.1016/s0272-4944(05)80212-9,https://doi.org/10.1016/s0272-4944(05)80212-9,crossref_title_static,Verified via static CrossRef title search (score: 1.00),101.04,0,0,0,0.0,0.0,0.0
"Brewer, C. A. and L. Pickle (2002). Evaluation of methods for classifying epidemiological data on choropleth maps in series. Annals of the Association of American Geographers 92 (4), 662-681.",journal_article,Evaluation of methods for classifying epidemiological data on choropleth maps in series,"Brewer, C. A. | Pickle, L.",2002,Annals of the Association of American Geographers,92,4,662-681,,,,,,,verified,1.0,Evaluation of Methods for Classifying Epidemiological Data on Choropleth Maps in Series,Cynthia A. Brewer | Linda Pickle,Annals of the Association of American Geographers,10.1111/1467-8306.00310,https://doi.org/10.1111/1467-8306.00310,crossref_title_static,Verified via static CrossRef title search (score: 1.00),101.25,0,0,0,0.0,0.0,0.0
"Briscoe, S. and N. Donnell (2003). Problematic licensed premises for assault in inner Sydney, New Castle, and Wollongong. The Australian and New Zealand Journal of Criminology 36 (1), 18-33.",journal_article,"Problematic licensed premises for assault in inner Sydney, New Castle, and Wollongong","Briscoe, S. | Donnell, N.",2003,The Australian and New Zealand Journal of Criminology,36,1,18-33,,,,,,,verified,0.9963636363636363,"Problematic Licensed Premises for Assault in Inner Sydney, Newcastle and Wollongong",Suzanne Briscoe | Neil Donnelly,Australian and New Zealand Journal of Criminology,10.1375/000486503764805329,https://doi.org/10.1375/000486503764805329,crossref_title_static,Verified via static CrossRef title search (score: 1.00),101.79,0,0,0,0.0,0.0,0.0
"Britt, H. R., B. P. Carlin, T. L. Toomey, and A. C. Wagenaar (2005). Neighborhood level spatial analysis of the relationship between alcohol outlet density and criminal violence. Environmental and Ecological Statistics 12 (4), 411-426.",journal_article,Neighborhood level spatial analysis of the relationship between alcohol outlet density and criminal violence,"Britt, H. R. | Carlin, B. P. | Toomey, T. L. | Wagenaar, A. C.",2005,Environmental and Ecological Statistics,12,4,411-426,,,,,,,verified,1.0,Neighborhood Level Spatial Analysis of the Relationship Between Alcohol Outlet Density and Criminal Violence,Heather R. Britt | Bradley P. Carlin | Traci L. Toomey | Alexander C. Wagenaar,Environmental and Ecological Statistics,10.1007/s10651-005-1518-3,https://doi.org/10.1007/s10651-005-1518-3,crossref_title_static,Verified via static CrossRef title search (score: 1.00),102.28,0,0,0,0.0,0.0,0.0
"Brown, B. B. and I. Altman (1991). Territoriality and Residential Crime: A conceptual framework. In P. J. Brantingham and P. L. Brantingham (Eds.), Environmental Criminology, pp. 55-76. Thousand Oaks, CA: Waveland Press.",book_chapter,Territoriality and Residential Crime: A conceptual framework,"Brown, B. B. | Altman, I.",1991,,,,55-76,,,Environmental Criminology,Waveland Press,,,verified,0.94,Territoriality and residential crime: a conceptual framework,Barbara B. Brown | Irwin Altman,Environmental Criminology,,https://opac.um.edu.uy/index.php?lvl=notice_display&id=105220,University of Montevideo Library Catalog,"The University of Montevideo library catalog record, inspected directly, identifies Environmental Criminology as a Waveland Press book and lists this chapter with Brown and Altman in its contents. The UNOV library catalog independently records the Waveland 1991 reissue and notes it was previously published in 1981 by Sage. The 1991 date and Waveland Press therefore fit the cited reissue; the chapter title, authors, and pages are also corroborated by search results, although the chapter-specific primary catalog record does not itself display the page range. The raw citation’s capitalization differs only stylistically. No concrete citation error is established.",157.25,56185,675,2,0.001374,0.0055,0.006874
"Buis, M. L. (2010). Direct and indirect effects in a logit model. The Stata Journal 10 (1), 11-29.",journal_article,Direct and indirect effects in a logit model,"Buis, M. L.",2010,The Stata Journal,10,1,11-29,,,,,,,verified,1.0,Direct and Indirect Effects in a Logit Model,Maarten L. Buis,The Stata Journal: Promoting communications on statistics and Stata,10.1177/1536867x1001000104,https://doi.org/10.1177/1536867x1001000104,crossref_title_static,Verified via static CrossRef title search (score: 1.00),102.96,0,0,0,0.0,0.0,0.0
"Bushway, S. D. and D. McDowall (2006). Here we go again - Can we learn anything from aggregate-level studies of policy interventions. Criminology & Public Policy 5 (3), 461-470.",journal_article,Here we go again - Can we learn anything from aggregate-level studies of policy interventions,"Bushway, S. D. | McDowall, D.",2006,Criminology & Public Policy,5,3,461-470,,,,,,,verified,0.9966480446927373,HERE WE GO AGAIN—CAN WE LEARN ANYTHING FROM AGGREGATE‐LEVEL STUDIES OF POLICY INTERVENTIONS?,SHAWN D. BUSHWAY | DAVID MCDOWALL,Criminology &amp; Public Policy,10.1111/j.1745-9133.2006.00402.x,https://doi.org/10.1111/j.1745-9133.2006.00402.x,crossref_title_static,Verified via static CrossRef title search (score: 1.00),103.03,0,0,0,0.0,0.0,0.0
"Bushway, S. D., G. Sweeten, and D. B. Wilson (2006). Size matters: standard errors in the application of null hypothesis significance testing in criminology and criminal justice. Journal of Experimental Criminology 2 (1), 1-22.",journal_article,Size matters: standard errors in the application of null hypothesis significance testing in criminology and criminal justice,"Bushway, S. D. | Sweeten, G. | Wilson, D. B.",2006,Journal of Experimental Criminology,2,1,1-22,,,,,,,verified,1.0,Size matters: Standard errors in the application of null hypothesis significance testing in criminology and criminal justice,Shawn D. Bushway | Gary Sweeten | David B. Wilson,Journal of Experimental Criminology,10.1007/s11292-005-5129-7,https://doi.org/10.1007/s11292-005-5129-7,crossref_title_static,Verified via static CrossRef title search (score: 1.00),18.85,0,0,0,0.0,0.0,0.0
"Cahill, M. and G. Mulligan (2007). Using geographically weighted regression to explore local crime patterns. Social Science Computer Review 25 (2), 174-193.",journal_article,Using geographically weighted regression to explore local crime patterns,"Cahill, M. | Mulligan, G.",2007,Social Science Computer Review,25,2,174-193,,,,,,,verified,1.0,Using Geographically Weighted Regression to Explore Local Crime Patterns,Meagan Cahill | Gordon Mulligan,Social Science Computer Review,10.1177/0894439307298925,https://doi.org/10.1177/0894439307298925,crossref_title_static,Verified via static CrossRef title search (score: 1.00),18.79,0,0,0,0.0,0.0,0.0
"Cerd, M., M. Tracy, S. F. Messner, D. Vlahov, K. Tardiff, and S. Galea (2009). Misdemeanor policing, physical disorder, and gun-related homicide. Epidemiology 20 (4), 533-541.",journal_article,"Misdemeanor policing, physical disorder, and gun-related homicide","Cerd, M. | Tracy, M. | Messner, S. F. | Vlahov, D. | Tardiff, K. | Galea, S.",2009,Epidemiology,20,4,533-541,,,,,,,verified,0.98,"Misdemeanor policing, physical disorder, and gun-related homicide: a spatial analytic test of ""broken-windows"" theory",Magdalena Cerdá | Melissa Tracy | Steven F Messner | David Vlahov | Kenneth Tardiff | Sandro Galea,Epidemiology,10.1097/EDE.0b013e3181a48a99,https://pubmed.ncbi.nlm.nih.gov/19525689/,PubMed (NLM),"Direct PubMed record identifies the article, DOI, author list, and publication coordinates: 2009 Jul;20(4):533-41. The cited title omits the subtitle, but the article is identifiable and its short title is reproduced as the PubMed page title; the citation’s authors, venue, year, volume, issue, and page range match. Sources: https://pubmed.ncbi.nlm.nih.gov/19525689/ .",84.69,53289,544,1,0.001134,0.003,0.004134
"Chamlin, M. B. and J. K. Cochran (1995). Assessing Messner and Rosenfeld’s institutional anomie theory: A partial test. Criminology 33 (3), 411-429.",journal_article,Assessing Messner and Rosenfeld’s institutional anomie theory: A partial test,"Chamlin, M. B. | Cochran, J. K.",1995,Criminology,33,3,411-429,,,,,,,verified,1.0,ASSESSING MESSNER AND ROSENFELD'S INSTITUTIONAL ANOMIE THEORY: A PARTIAL TEST*,MITCHELL B. CHAMLIN | JOHN K. COCHRAN,Criminology,10.1111/j.1745-9125.1995.tb01184.x,https://doi.org/10.1111/j.1745-9125.1995.tb01184.x,crossref_title_static,Verified via static CrossRef title search (score: 1.00),18.43,0,0,0,0.0,0.0,0.0
"Clare, J., J. Fernendez, and F. Morgan (2009). Formal evaluation of the impact of barriers and connectors on residential burglars’ macro-level offending location choices. The Australian and New Zealand Journal of Criminology 42 (2), 139-158.",journal_article,Formal evaluation of the impact of barriers and connectors on residential burglars’ macro-level offending location choices,"Clare, J. | Fernendez, J. | Morgan, F.",2009,The Australian and New Zealand Journal of Criminology,42,2,139-158,,,,,,,minor_error,0.99,Formal Evaluation of the Impact of Barriers and Connectors on Residential Burglars' Macro-Level Offending Location Choices,Joseph Clare | John Fernandez | Frank Morgan,Journal of Criminology,10.1375/acri.42.2.139,https://journals.sagepub.com/doi/10.1375/acri.42.2.139,SAGE Journals,"The publisher’s SAGE article page confirms the title, authors, 2009 publication, volume 42, issue 2, and DOI 10.1375/acri.42.2.139. The citation identifies the same work, but misspells the second author’s surname as “Fernendez” rather than “Fernandez.” The publisher page currently labels the venue “Journal of Criminology”; the article record and coordinates match the cited Australian and New Zealand Journal of Criminology article. Coordinates search for journal volume 42, page 139 returned this article. Verdict: minor_error for the author-name spelling.",83.62,51087,555,1,0.000978,0.003,0.003978
"Clarke, P., J. Ailshire, R. Melendez, M. Bader, and J. Morenoff (2010). Using Google Earth to conduct a neighborhood audit: Reliability of a virtual audit system. Health & Place 16 (6), 1224-1229.",journal_article,Using Google Earth to conduct a neighborhood audit: Reliability of a virtual audit system,"Clarke, P. | Ailshire, J. | Melendez, R. | Bader, M. | Morenoff, J.",2010,Health & Place,16,6,1224-1229,,,,,,,verified,0.9666666666666666,Using Google Earth to conduct a neighborhood audit: Reliability of a virtual audit instrument,Philippa Clarke | Jennifer Ailshire | Robert Melendez | Michael Bader | Jeffrey Morenoff,Health &amp; Place,10.1016/j.healthplace.2010.08.007,https://doi.org/10.1016/j.healthplace.2010.08.007,crossref_title_static,Verified via static CrossRef title search (score: 0.97),17.81,0,0,0,0.0,0.0,0.0
"Clarke, R. V. (1992). Introduction. In R. V. Clarke (Ed.), Situational Crime Prevention: Successful Case Studies, pp. 3-36. Albany, NY: Harrow and Heston Publishers.",book_chapter,Introduction,"Clarke, R. V.",1992,,,,3-36,,0408701803,Situational Crime Prevention: Successful Case Studies,Harrow and Heston Publishers,,,not_found,0.87,Situational Crime Prevention: Successful Case Studies,"Clarke, R. V.",Harrow and Heston Publishers,,,"U.S. Department of Justice, National Criminal Justice Reference Service","The underlying 1992 book is confirmed by the U.S. Department of Justice NCJRS record, which gives the title, editor R. V. Clarke, and publication year 1992 (https://www.ojp.gov/ncjrs/virtual-library/abstracts/situational-crime-prevention-successful-case-studies), and by the Google Books bibliographic record. A publisher-authorized copy of the book’s 1997 second edition hosted by Arizona State University identifies “Introduction” by Ronald V. Clarke, but does not verify the exact first-edition pages 3–36. Because direct evidence for the cited chapter and its pagination was not located, this is not fully verified as cited; no conflicting primary record was found.",164.25,91468,935,3,0.003125,0.0085,0.011625
"Cohen, D. A., S. Inagami, and B. Finch (2008). The built environment and collective efficacy. Health & Place 14 (2), 198-208.",journal_article,The built environment and collective efficacy,"Cohen, D. A. | Inagami, S. | Finch, B.",2008,Health & Place,14,2,198-208,,,,,,,verified,1.0,The built environment and collective efficacy,Deborah A. Cohen | Sanae Inagami | Brian Finch,Health &amp; Place,10.1016/j.healthplace.2007.06.001,https://doi.org/10.1016/j.healthplace.2007.06.001,crossref_title_static,Verified via static CrossRef title search (score: 1.00),17.55,0,0,0,0.0,0.0,0.0
"Cohen, D., S. Spear, R. Scribner, P. Kissinger, K. Mason, and J. Wildgen (2000). “Broken windows” and the risk of gonorrhea. American Journal of Public Health 90 (2), 230-236.",journal_article,“Broken windows” and the risk of gonorrhea,"Cohen, D. | Spear, S. | Scribner, R. | Kissinger, P. | Mason, K. | Wildgen, J.",2000,American Journal of Public Health,90,2,230-236,,,,,,,verified,0.99,"""Broken windows"" and the risk of gonorrhea",D Cohen | S Spear | R Scribner | P Kissinger | K Mason | J Wildgen,American Journal of Public Health,10.2105/ajph.90.2.230,https://pmc.ncbi.nlm.nih.gov/articles/PMC1446134/,PubMed Central article record,"The primary article record at PubMed Central confirms the title, all six authors, journal, 2000 February issue, volume 90, issue 2, pages 230–236, and DOI 10.2105/ajph.90.2.230. Title comparison: matches; only quotation-mark styling differs. Venue comparison: matches. Author comparison: all six match in cited order. The DOI link was also fetched and redirected to the publisher’s AJPH article page. No substantive citation error found.",82.14,50874,464,1,0.000937,0.003,0.003937
"Cohen, J., W. L. Gorr, and P. Singh (2003). Estimating intervention effects in varying risk settings: Do police raids reduce illegal drug dealing at nuisance bars? Criminology 41 (2), 257-292.",journal_article,Estimating intervention effects in varying risk settings: Do police raids reduce illegal drug dealing at nuisance bars?,"Cohen, J. | Gorr, W. L. | Singh, P.",2003,Criminology,41,2,257-292,,,,,,,verified,1.0,ESTIMATING INTERVENTION EFFECTS IN VARYING RISK SETTINGS: DO POLICE RAIDS REDUCE ILLEGAL DRUG DEALING AT NUISANCE BARS?*,JACQUELINE COHEN | WILPEN GORR | PIYUSHA SINGH,Criminology,10.1111/j.1745-9125.2003.tb00988.x,https://doi.org/10.1111/j.1745-9125.2003.tb00988.x,crossref_title_static,Verified via static CrossRef title search (score: 1.00),17.23,0,0,0,0.0,0.0,0.0
"Cohen, L. E. and M. Felson (1979). Social change and crime rate trends: A routine activity approach. American Sociological Review 44 (4), 588-608.",journal_article,Social change and crime rate trends: A routine activity approach,"Cohen, L. E. | Felson, M.",1979,American Sociological Review,44,4,588-608,,,,,,,verified,1.0,Social Change and Crime Rate Trends: A Routine Activity Approach,Lawrence E. Cohen | Marcus Felson,American Sociological Review,10.2307/2094589,https://doi.org/10.2307/2094589,crossref_title_static,Verified via static CrossRef title search (score: 1.00),17.22,0,0,0,0.0,0.0,0.0
"Cressie, N. (1996). Change of support and the modifiable areal unit problem. Geographical Systems 3, 159-180.",journal_article,Change of support and the modifiable areal unit problem,"Cressie, N.",1996,Geographical Systems,3,,159-180,,,,,,,not_found,0.8,,,,,,web_search,"Direct publisher, outlet archive, registry, or official repository evidence for this work could not be accessed or located. Available evidence was inconclusive or indirect and cannot establish existence or an affirmative conflict; therefore the citation is not_found.",96.45,109819,844,3,0.003673,0.008,0.011673
"Cressie, N. A. (1993). Statistics for Spatial Data. New York, NY: J. Wiley.",book,Statistics for Spatial Data,"Cressie, N. A.",1993,,,,,,0471002550,,J. Wiley,,,verified,1.0,Statistics for Spatial Data,Noel A. C. Cressie,Wiley Series in Probability and Statistics,10.1002/9781119115151,,crossref_title_static,Verified via static CrossRef title search (score: 1.00),103.99,0,0,0,0.0,0.0,0.0
"Davies, G. (2006). Crime, neighborhood, and public housing. New York: LFB Scholarly Publishing.",book,"Crime, neighborhood, and public housing","Davies, G.",2006,,,,,,9781593321444,,LFB Scholarly Publishing,,,verified,0.99,"Crime, Neighborhood, and Public Housing",Garth Davies,LFB Scholarly Pub.,,,Google Books,"Verified against the Google Books bibliographic record for this specific book, which gives the title, author, publisher, and 2006 publication year. The citation's title capitalization and expanded publisher name are harmless formatting/name-form differences. The same record lists ISBN 9781593321444.",157.01,52280,384,1,0.000977,0.003,0.003977
"Deane, G., S. F. Messner, T. D. Stucky, K. McGeever, and C. Kubrin (2008). Not ’Islands, Entire of Themselves’: Exploring the spatial context of city-level robbery rates. Journal of Quantitative Criminology 24 (4), 363-380.",journal_article,"Not ’Islands, Entire of Themselves’: Exploring the spatial context of city-level robbery rates","Deane, G. | Messner, S. F. | Stucky, T. D. | McGeever, K. | Kubrin, C.",2008,Journal of Quantitative Criminology,24,4,363-380,,,,,,,verified,1.0,"Not ‘Islands, Entire of Themselves’: Exploring the Spatial Context of City-level Robbery Rates",Glenn Deane | Steven F. Messner | Thomas D. Stucky | Kelly McGeever | Charis E. Kubrin,Journal of Quantitative Criminology,10.1007/s10940-008-9049-3,https://doi.org/10.1007/s10940-008-9049-3,crossref_title_static,Verified via static CrossRef title search (score: 1.00),17.1,0,0,0,0.0,0.0,0.0
"Demotto, N. and C. P. Davies (2006). A GIS analysis of the relationship between criminal offenses and parks in Kansas City, Kansas. Cartography and Geographic Information Science 33 (2), 141-157.",journal_article,"A GIS analysis of the relationship between criminal offenses and parks in Kansas City, Kansas","Demotto, N. | Davies, C. P.",2006,Cartography and Geographic Information Science,33,2,141-157,,,,,,,verified,1.0,"A GIS Analysis of the Relationship between Criminal Offenses and Parks in Kansas City, Kansas",Nicole Demotto | Caroline P. Davies,Cartography and Geographic Information Science,10.1559/152304006777681715,https://doi.org/10.1559/152304006777681715,crossref_title_static,Verified via static CrossRef title search (score: 1.00),17.41,0,0,0,0.0,0.0,0.0
"Desmond, S. A., G. Kikuchi, and K. H. Morgan (2010). Congregations and crime: Is the spatial distribution of congregations associated with neighborhood crime rates? Journal for the Scientific Study of Religion 49 (1), 37-55.",journal_article,Congregations and crime: Is the spatial distribution of congregations associated with neighborhood crime rates?,"Desmond, S. A. | Kikuchi, G. | Morgan, K. H.",2010,Journal for the Scientific Study of Religion,49,1,37-55,,,,,,,verified,1.0,Congregations and Crime: Is the Spatial Distribution of Congregations Associated with Neighborhood Crime Rates?,Scott A. Desmond | George Kikuchi | Kristopher H. Morgan,Journal for the Scientific Study of Religion,10.1111/j.1468-5906.2009.01491.x,https://doi.org/10.1111/j.1468-5906.2009.01491.x,crossref_title_static,Verified via static CrossRef title search (score: 1.00),16.3,0,0,0,0.0,0.0,0.0
"Diez-Roux, A. V. (1998). Bringing context back into epidemiology: Variables and fallacies in multilevel analysis. American Journal of Public Health 88 (2), 216-222.",journal_article,Bringing context back into epidemiology: Variables and fallacies in multilevel analysis,"Diez-Roux, A. V.",1998,American Journal of Public Health,88,2,216-222,,,,,,,verified,1.0,Bringing context back into epidemiology: variables and fallacies in multilevel analysis.,A V Diez-Roux,American Journal of Public Health,10.2105/ajph.88.2.216,https://doi.org/10.2105/ajph.88.2.216,crossref_title_static,Verified via static CrossRef title search (score: 1.00),15.71,0,0,0,0.0,0.0,0.0
"Dogan, M. and S. Rokkan (1969). Quantitative Ecological Analysis in the Social Sciences. Cambridge, MA: MIT Press.",book,Quantitative Ecological Analysis in the Social Sciences,"Dogan, M. | Rokkan, S.",1969,,,,,,0262040220,,MIT Press,,,verified,0.98,Quantitative ecological analysis in the social sciences,Mattei Dogan | Stein Rokkan,"Cambridge, M.I.T. Press",,,Internet Archive book record,"The Internet Archive book record, a direct catalog record for this specific book, lists the title, Mattei Dogan and Stein Rokkan as joint author, publication date 1969, and publisher Cambridge, M.I.T. Press. The citation’s title, authors, year, and MIT Press imprint match. The citation’s Cambridge, MA place form is consistent with the catalog’s Cambridge, Mass. No substantive discrepancy identified.",162.44,50611,423,1,0.000895,0.003,0.003895
"Donovan, G. H. and J. P. Prestemon (2012). The effect of trees on crime in Portland, Oregon. Environment and Behavior 44 (1), 3-30.",journal_article,"The effect of trees on crime in Portland, Oregon","Donovan, G. H. | Prestemon, J. P.",2012,Environment and Behavior,44,1,3-30,,,,,,,verified,0.98,"The Effect of Trees on Crime in Portland, Oregon",Geoffrey H. Donovan | Jeffrey P. Prestemon,Environment and Behavior,10.1177/0013916510383238,,SAGE Publications,"The SAGE publisher record identifies the article, its authors, and the journal, and reports that it was first published online in 2010 and the issue was published in January 2012. The cited volume 44, issue 1, pages 3–30 are corroborated by the USDA Forest Service’s official Treesearch record, which identifies the same article and authors. The publisher’s abstract and the official agency record use a title variant (“The effects of trees on crime in Portland, Oregon”) in some metadata, but the cited title is also displayed on the SAGE result and the agency record identifies the same work. Coordinates search for Environment and Behavior 44(1), page 3 found this article. SAGE/DOI page was attempted by URL fetch, but the tool returned no page content; the search result exposed the publisher record. No substantive citation error found.",87.55,70582,652,2,0.002703,0.0055,0.008203
"Dray, S. (2011). A new perspective about Moran’s coefficient: Spatial autocorrelation as a linear regression problem. Geographical Analysis 43 (2), 127-141.",journal_article,A new perspective about Moran’s coefficient: Spatial autocorrelation as a linear regression problem,"Dray, S.",2011,Geographical Analysis,43,2,127-141,,,,,,,verified,0.9315068493150684,A New Perspective about Moran's Coefficient: Spatial Autocorrelation as a Linear Regression Problem. Moran系数的新视角：空间自相关视为线性回归问题,Stéphane Dray,Geographical Analysis,10.1111/j.1538-4632.2011.00811.x,https://doi.org/10.1111/j.1538-4632.2011.00811.x,crossref_title_static,Verified via static CrossRef title search (score: 0.93),15.93,0,0,0,0.0,0.0,0.0
"Durrleman, S. and R. Simon (1989). Flexible regression models with cubic splines. Statistics in Medicine 8 (5), 551-561.",journal_article,Flexible regression models with cubic splines,"Durrleman, S. | Simon, R.",1989,Statistics in Medicine,8,5,551-561,,,,,,,verified,1.0,Flexible regression models with cubic splines,Sylvain Durrleman | Richard Simon,Statistics in Medicine,10.1002/sim.4780080504,https://doi.org/10.1002/sim.4780080504,crossref_title_static,Verified via static CrossRef title search (score: 1.00),15.83,0,0,0,0.0,0.0,0.0
"Eck, J. and E. Maguire (2000). Have changes in policing reduced violent crime? An assessment of the evidence. In A. Blumstein and J. Wallman (Eds.), The Crime Drop in America, pp. 207-265. New York, NY: Cambridge University Press.",book_chapter,Have changes in policing reduced violent crime? An assessment of the evidence,"Eck, J. | Maguire, E.",2000,,,,207-265,,,The Crime Drop in America,Cambridge University Press,,,minor_error,0.97,7 - Have Changes in Policing Reduced Violent Crime? An Assessment of the Evidence,John E. Eck | Edward R. Maguire,The Crime Drop in America,,https://www.cambridge.org/core/books/crime-drop-in-america/have-changes-in-policing-reduced-violent-crime-an-assessment-of-the-evidence/5328AA42B6C2D7B93137EDB4DE9F10BB,Cambridge University Press,"The Cambridge University Press chapter page directly confirms the cited chapter title, authors, and pages 207–265. However, the cited year is 2000, while the publisher identifies the chapter in the revised edition as print publication year 2005; the publisher's book record and front matter distinguish the first edition (2000) from the revised edition (published 2006; publisher page also lists 28 November 2005). The citation's title, editors, publisher, and chapter pages otherwise identify the same work. Thus the concrete discrepancy is the year attached to the revised-edition chapter. Title comparison: substantive wording matches, with only chapter numbering/formatting. Venue comparison: same Cambridge University Press book, but the publisher's chapter record identifies the revised edition. Author comparison: both authors match. The work is fundamentally the same, with a year error.",209.38,98850,863,2,0.002534,0.006,0.008534
"Eck, J. E., R. V. Clarke, and R. T. Guerette (2007). Risky facilities: Crime concentration in homogenous sets of establishments and facilities. Crime Prevention Studies 21, 225-264.",journal_article,Risky facilities: Crime concentration in homogenous sets of establishments and facilities,"Eck, J. E. | Clarke, R. V. | Guerette, R. T.",2007,Crime Prevention Studies,21,,225-264,,,,,,,minor_error,0.99,Risky Facilities: Crime Concentration in Homogeneous Sets of Establishments and Facilities,John E. Eck | Ronald V. Clarke | Rob T. Guerette,"Crime Prevention Studies, volume 21",,https://static1.squarespace.com/static/5b7ea2794cde7a79e7c00582/t/6a387003915b2b584b87242d/1782083587064/Risky_facilities_Crime_concentration_in.pdf,Article PDF (direct work copy),"Verified using the full text of the specific article PDF, which identifies its title and authors on the first page and states “Crime Prevention Studies, volume 21 (2007), pp. 225–264.” Title comparison: the citation says “homogenous,” while the PDF title spells the word “Homogeneous”; this is a one-word spelling discrepancy, so the cited title is not an exact title transcription. Venue, volume, year, page range, and authors match. Under the title-mismatch rule, this is the same work with a concrete title spelling error: minor_error.",85.84,67936,570,1,0.002583,0.003,0.005583
"Eizenberg, E. (2013). From the ground up: Community gardens in New York City and the Politics of Spatial Transformation. Burlington, VT: Ashgate.",book,From the ground up: Community gardens in New York City and the Politics of Spatial Transformation,"Eizenberg, E.",2013,,,,,,,,Ashgate,,,verified,0.99,From the Ground Up Community Gardens in New York City and the Politics of Spatial Transformation,Efrat Eizenberg,Routledge,,,Routledge,The publisher’s Routledge book page identifies the book by Efrat Eizenberg and gives copyright 2013. The cited Ashgate is consistent with the book’s original publisher; Routledge now hosts the publisher page. The title differences are capitalization and punctuation only. Direct publisher evidence: https://www.routledge.com/From-the-Ground-Up-Community-Gardens-in-New-York-City-and-the-Politics-of-Spatial-Transformation/Eizenberg/p/book/9781138261457.,166.13,52212,504,1,0.001046,0.003,0.004046
"Enders, W. (2010). Applied Econometric Time Series. Hoboken, NJ: John Wiley & Sons Inc.",book,Applied Econometric Time Series,"Enders, W.",2010,,,,,,9780470505397,,John Wiley & Sons Inc.,,,verified,0.99,Applied econometric time series / Walter Enders.,Walter Enders,Wiley,,,ECU Libraries catalog; Wiley publisher page,"The direct ECU Libraries catalog record confirms the 3rd edition, Walter Enders, Wiley, ©2010, with ISBN 9780470505397. The cited title, author, publisher, and year match that record; “John Wiley & Sons Inc.” is a fuller publisher form. Wiley’s own page separately confirms the 4th edition was published in October 2014, consistent with the cited 2010 edition being the earlier edition. No concrete discrepancy in the raw citation was found.",82.92,51932,459,1,0.001008,0.003,0.004008
"Executive Office of the President (2014). Big data: Seizing opportunities, preserving values. Available at http://www.whitehouse.gov/sites/default/files/docs/big_data_privacy_report_may_1_2014.pdf.",web,"Big data: Seizing opportunities, preserving values",Executive Office of the President,2014,,,,,,,,,http://www.whitehouse.gov/sites/default/files/docs/big_data_privacy_report_may_1_2014.pdf,,minor_error,0.99,"Big Data: Seizing Opportunities, Preserving Values",Executive Office of the President | John Podesta,Executive Office of the President,,https://obamawhitehouse.archives.gov/sites/default/files/docs/big_data_privacy_report_may_1_2014.pdf,GovInfo (U.S. Government Publishing Office) and archived White House PDF,"Verified against direct primary records: the U.S. Government Publishing Office's GovInfo record gives the publication title, Government Author, and 2014 issue date; the archived White House PDF itself displays the title, Executive Office of the President, and May 2014. The cited title and issuing body match. The supplied original White House URL was prechecked as dead, and fetching it was inconclusive; the archived White House PDF at a different live URL confirms the specific report, so the unavailable original URL does not invalidate the work. No citation error is established. Cited URL is unreachable (http://www.whitehouse.gov/sites/default/files/docs/big_data_privacy_report_may_1_2014.pdf); the work may still be identifiable from other metadata — minor_error.",95.03,65987,591,1,0.002431,0.0035,0.005931
"Fagan, J. and G. Davies (2000). Street stops and broken windows: Terry, race, and disorder in New York City. Fordham Urban Law Journal 28 (2), 457-504.",journal_article,"Street stops and broken windows: Terry, race, and disorder in New York City","Fagan, J. | Davies, G.",2000,Fordham Urban Law Journal,28,2,457-504,,,,,,,verified,1.0,"Street Stops and Broken Windows: Terry, Race and Disorder in New York City",Jeffrey Fagan | Garth Davies,,10.2139/ssrn.257813,https://doi.org/10.2139/ssrn.257813,crossref_title_static,Verified via static CrossRef title search (score: 1.00),16.25,0,0,0,0.0,0.0,0.0
"Fagan, J., G. Davies, and A. Carlis (2012). Race and selective enforcement in public housing. Journal of Empirical and Legal Studies 9 (4), 697-728.",journal_article,Race and selective enforcement in public housing,"Fagan, J. | Davies, G. | Carlis, A.",2012,Journal of Empirical and Legal Studies,9,4,697-728,,,,,,,verified,1.0,Race and Selective Enforcement in Public Housing,Jeffrey Fagan | Garth Davies | Adam Carlis,Journal of Empirical Legal Studies,10.1111/j.1740-1461.2012.01272.x,https://doi.org/10.1111/j.1740-1461.2012.01272.x,crossref_title_static,Verified via static CrossRef title search (score: 1.00),16.42,0,0,0,0.0,0.0,0.0
"Farrington, D. P. and B. C. Welsh (2004). Measuring the effects of improved street lighting on crime: A reply to Dr. Marchant. The British Journal of Criminology 44 (3), 448-467.",journal_article,Measuring the effects of improved street lighting on crime: A reply to Dr. Marchant,"Farrington, D. P. | Welsh, B. C.",2004,The British Journal of Criminology,44,3,448-467,,,,,,,verified,0.99,Measuring the Effects of Improved Street Lighting on Crime: A Reply to Dr Marchant,David P. Farrington | Brandon C. Welsh,The British Journal of Criminology,10.1093/crimin/azh045,https://academic.oup.com/bjc/article/44/3/448/471288,Oxford Academic (publisher),"Primary-source publisher record at Oxford Academic confirms the article title, authors, journal, volume 44, issue 3, May 2004, pages 448–467, and DOI 10.1093/crimin/azh045. Title comparison: matches; the citation includes “Dr. Marchant,” while the publisher renders “Dr Marchant” and adds a superscript footnote marker, differences that do not alter the title. Venue comparison: exact journal match. Author comparison: both cited authors match the publisher’s authors. The cited year and pages also match. The cited work is fundamentally the same work and is verified.",82.27,51176,468,1,0.002358,0.003,0.005358
"Feinberg, R. A. and H. Wainer (2011). Extracting sunbeams from cucumbers. Journal of Computational and Graphical Statistics 20 (4), 793-810.",journal_article,Extracting sunbeams from cucumbers,"Feinberg, R. A. | Wainer, H.",2011,Journal of Computational and Graphical Statistics,20,4,793-810,,,,,,,verified,1.0,Extracting Sunbeams From Cucumbers,Richard A. Feinberg | Howard Wainer,Journal of Computational and Graphical Statistics,10.1198/jcgs.2011.204a,https://doi.org/10.1198/jcgs.2011.204a,crossref_title_static,Verified via static CrossRef title search (score: 1.00),15.88,0,0,0,0.0,0.0,0.0
"Felson, M. and E. Poulsen (2003). Simple indicators of crime by time of day. International Journal of Forecasting 19 (4), 595-601.",journal_article,Simple indicators of crime by time of day,"Felson, M. | E. Poulsen",2003,International Journal of Forecasting,19,4,595-601,,,,,,,verified,1.0,Simple indicators of crime by time of day,Marcus Felson | Erika Poulsen,International Journal of Forecasting,10.1016/s0169-2070(03)00093-1,https://doi.org/10.1016/s0169-2070(03)00093-1,crossref_title_static,Verified via static CrossRef title search (score: 1.00),16.14,0,0,0,0.0,0.0,0.0
"Felson, M., R. Berends, B. Richardson, and A. Veno (1997). Reducing pub hopping and related crime. Crime Prevention Studies 7, 115-132.",journal_article,Reducing pub hopping and related crime,"Felson, M. | R. Berends | B. Richardson | A. Veno",1997,Crime Prevention Studies,7,,115-132,,,,,,,verified,0.99,Reducing Pub Hopping and Related Crime,Marcus Felson | Robyn Berends | Barry Richardson | Arthur Veno,"Crime Prevention Studies, Volume 7",,https://popcenter.asu.edu/sites/default/files/library/CrimePrevention/Volume_07/04_felson.pdf,ASU Center for Problem-Oriented Policing,"Title comparison: exact substantive title match. Venue comparison: the citation identifies Crime Prevention Studies, vol. 7; the official ASU volume record identifies the volume as Crime Prevention Studies, Volume 7, Policing for Prevention: Reducing Crime, Public Intoxication and Injury. The official volume title-page PDF lists this chapter starting at page 115, and the chapter PDF itself shows the article continuing through page 132. Author comparison: all four cited authors match the official chapter listing. The publisher/archive evidence is the ASU Center for Problem-Oriented Policing’s official volume record and the chapter PDF, both inspected directly. The citation is verified as stated.",85.21,83204,690,2,0.002489,0.0055,0.007989
"Firebaugh, G. (1978). A rule for inferring individual relationships from aggregate data. American Sociological Review 43 (4), 557-572.",journal_article,A rule for inferring individual relationships from aggregate data,"Firebaugh, G.",1978,American Sociological Review,43,4,557-572,,,,,,,verified,0.9777777777777776,A Rule for Inferring Individual-Level Relationships from Aggregate Data,Glenn Firebaugh,American Sociological Review,10.2307/2094779,https://doi.org/10.2307/2094779,crossref_title_static,Verified via static CrossRef title search (score: 0.98),15.9,0,0,0,0.0,0.0,0.0
"Forsyth, A. J. and N. Davidson (2010). Community off-sales provision and the presence of alchohol-related detritus in residential neighborhoods. Health & Place 16 (2), 349-358.",journal_article,Community off-sales provision and the presence of alchohol-related detritus in residential neighborhoods,"Forsyth, A. J. | N. Davidson",2010,Health & Place,16,2,349-358,,,,,,,verified,0.9941176470588236,Community off-sales provision and the presence of alcohol-related detritus in residential neighbourhoods,Alasdair J.M. Forsyth | Neil Davidson,Health &amp; Place,10.1016/j.healthplace.2009.11.003,https://doi.org/10.1016/j.healthplace.2009.11.003,crossref_title_static,Verified via static CrossRef title search (score: 0.99),15.2,0,0,0,0.0,0.0,0.0
"Foster, S. D., H. Shimadzu, and R. Darnell (2012). Uncertainty in spatially predicted covariates: Is it ignorable? Journal of the Royal Statistical Society: Series C 61 (4), 637-652.",journal_article,Uncertainty in spatially predicted covariates: Is it ignorable?,"Foster, S. D. | H. Shimadzu | R. Darnell",2012,Journal of the Royal Statistical Society: Series C,61,4,637-652,,,,,,,verified,1.0,Uncertainty in Spatially Predicted Covariates: Is it Ignorable?,Scott D. Foster | Hideyasu Shimadzu | Ross Darnell,Journal of the Royal Statistical Society Series C: Applied Statistics,10.1111/j.1467-9876.2011.01030.x,https://doi.org/10.1111/j.1467-9876.2011.01030.x,crossref_title_static,Verified via static CrossRef title search (score: 1.00),15.44,0,0,0,0.0,0.0,0.0
"Franklin, F. A., T. A. Laveist, D. W. Webster, and W. K. Pan (2010). Alcohol outlets and violent crime in Washington D.C. Western Journal of Emergency Medicine 11 (3), 283-290.",journal_article,Alcohol outlets and violent crime in Washington D.C.,"Franklin, F. A. | T. A. Laveist | D. W. Webster | W. K. Pan",2010,Western Journal of Emergency Medicine,11,3,283-290,,,,,,,verified,0.99,Alcohol Outlets and Violent Crime in Washington D.C.,F Abron Franklin II | Thomas A LaVeist | Daniel W Webster | William K Pan,West J Emerg Med.,,https://pmc.ncbi.nlm.nih.gov/articles/PMC2941368/,PubMed Central article record; Western Journal of Emergency Medicine issue PDF,"Title comparison: exact substantive title match. Venue comparison: the article is in West J Emerg Med. (the journal abbreviated in the citation as Western Journal of Emergency Medicine), volume 11, issue 3, 2010. The journal issue PDF confirms the article at page 283 and names Franklin II, LaVeist, Webster, and Pan; the PMC article record independently gives the full article metadata and pages 283–290. The separate journal-volume/page coordinates search returned the issue contents showing this article beginning on page 283. No discrepancy in the cited page range or author list.",124.95,69758,507,1,0.00272,0.003,0.00572
"Freedman, D. A. (2006). On the so-called “Huber sandwich estimator” and “robust standard errors”. The American Statistician 60 (4).",journal_article,On the so-called “Huber sandwich estimator” and “robust standard errors”,"Freedman, D. A.",2006,The American Statistician,60,4,,,,,,,,verified,1.0,On The So-Called “Huber Sandwich Estimator” and “Robust Standard Errors”,David A Freedman,The American Statistician,10.1198/000313006x152207,https://doi.org/10.1198/000313006x152207,crossref_title_static,Verified via static CrossRef title search (score: 1.00),36.95,0,0,0,0.0,0.0,0.0
"Galbraith, R. F. (1988). A note on graphical presentation of estimated odds ratios from several clinical trials. Statistics in Medicine 7 (8), 889-894.",journal_article,A note on graphical presentation of estimated odds ratios from several clinical trials,"Galbraith, R. F.",1988,Statistics in Medicine,7,8,889-894,,,,,,,verified,1.0,A note on graphical presentation of estimated odds ratios from several clinical trials,R. F. Galbraith,Statistics in Medicine,10.1002/sim.4780070807,https://doi.org/10.1002/sim.4780070807,crossref_title_static,Verified via static CrossRef title search (score: 1.00),36.63,0,0,0,0.0,0.0,0.0
"Gau, J. M. and T. C. Pratt (2008). Broken windows or window dressing? Citizens’ (in)ability to tell the difference between disorder and crime. Criminology & Public Policy 7 (2), 163-194.",journal_article,Broken windows or window dressing? Citizens’ (in)ability to tell the difference between disorder and crime,"Gau, J. M. | T. C. Pratt",2008,Criminology & Public Policy,7,2,163-194,,,,,,,verified,0.9941176470588236,BROKEN WINDOWS OR WINDOW DRESSING? CITIZENS'(IN) ABILITY TO TELL THE DIFFERENCE BETWEEN DISORDER AND CRIME*,JACINTA M. GAU | TRAVIS C. PRATT,Criminology &amp; Public Policy,10.1111/j.1745-9133.2008.00500.x,https://doi.org/10.1111/j.1745-9133.2008.00500.x,crossref_title_static,Verified via static CrossRef title search (score: 0.99),35.99,0,0,0,0.0,0.0,0.0
"Gault, M. and E. Silver (2008). Spuriousness of mediation? Broken windows according to Sampson and Raudenbush (1999). Journal of Criminal Justice 36 (3), 240-243.",journal_article,Spuriousness of mediation? Broken windows according to Sampson and Raudenbush (1999),"Gault, M. | E. Silver",2008,Journal of Criminal Justice,36,3,240-243,,,,,,,verified,0.9925925925925925,Spuriousness or mediation? Broken windows according to Sampson and Raudenbush (1999),Martha Gault | Eric Silver,Journal of Criminal Justice,10.1016/j.jcrimjus.2008.04.004,https://doi.org/10.1016/j.jcrimjus.2008.04.004,crossref_title_static,Verified via static CrossRef title search (score: 0.99),36.04,0,0,0,0.0,0.0,0.0
"Gehlke, C. E. and K. Biehl (1934). Certain effects of grouping upon the size of the correlation coefficient in census tract material. Journal of the American Statistical Association 29 (185), 169-170.",journal_article,Certain effects of grouping upon the size of the correlation coefficient in census tract material,"Gehlke, C. E. | K. Biehl",1934,Journal of the American Statistical Association,29,185,169-170,,,,,,,verified,1.0,Certain Effects of Grouping Upon the Size of the Correlation Coefficient in Census Tract Material,C. E. Gehlke | Katherine Biehl,Journal of the American Statistical Association,10.2307/2277827,https://doi.org/10.2307/2277827,crossref_title_static,Verified via static CrossRef title search (score: 1.00),35.48,0,0,0,0.0,0.0,0.0
"Gelman, A. and J. Hill (2007). Data analysis using regression and multilevel/hierarchical models. Cambridge, NY: Cambridge University Press.",book,Data analysis using regression and multilevel/hierarchical models,"Gelman, A. | J. Hill",2007,,,,,,9781282652835,,Cambridge University Press,,,verified,1.0,Data Analysis Using Regression and Multilevel/Hierarchical Models,Andrew Gelman | Jennifer Hill,,10.1017/cbo9780511790942,,crossref_title_static,Verified via static CrossRef title search (score: 1.00),26.44,0,0,0,0.0,0.0,0.0
"Gelman, A., D. K. Park, S. Ansolabehere, P. N. Price, and L. C. Minnite (2001). Models, assumptions and model checking in ecological regressions. Journal of the Royal Statistical Society: Series A 164 (1), 101-118.",journal_article,"Models, assumptions and model checking in ecological regressions","Gelman, A. | D. K. Park | S. Ansolabehere | P. N. Price | L. C. Minnite",2001,Journal of the Royal Statistical Society: Series A,164,1,101-118,,,,,,,verified,1.0,"Models, Assumptions and Model Checking in Ecological Regressions",Andrew Gelman | David K. Park | Stephen Ansolabehere | Phillip N. Price | Lorraine C. Minnite,Journal of the Royal Statistical Society Series A: Statistics in Society,10.1111/1467-985x.00190,https://doi.org/10.1111/1467-985x.00190,crossref_title_static,Verified via static CrossRef title search (score: 1.00),35.47,0,0,0,0.0,0.0,0.0
"Giles, D. (2013). Robust standard errors for nonlinear models. Econometrics Beat: Dave Giles’ Blog. Obtained on 6/12/2014. Available at http://davegiles.blogspot.com/2013/05/robust-standard-errors-for-nonlinear.html.",web,Robust standard errors for nonlinear models,"Giles, D.",2013,Econometrics Beat: Dave Giles’ Blog,,,,,,,,http://davegiles.blogspot.com/2013/05/robust-standard-errors-for-nonlinear.html,,verified,0.99,Robust Standard Errors for Nonlinear Models,David E. Giles,Econometrics Beat: Dave Giles’ Blog,,https://davegiles.blogspot.com/2013/05/robust-standard-errors-for-nonlinear.html,Econometrics Beat: Dave Giles’ Blog (publisher page),"The cited URL was fetched directly and contains the specific blog post. The page title is “Robust Standard Errors for Nonlinear Models,” and the post is attributed to David E. Giles with a 2013 copyright; the blog venue is Econometrics Beat: Dave Giles’ Blog. The citation’s title and author match; differences in capitalization and use of “D.” are stylistic. The access date is not material to the work’s identity. The cited URL uses HTTP and the successfully fetched page is its HTTPS equivalent. Direct source confirms the work.",134.53,66624,515,1,0.002027,0.0035,0.005527
"Gotway, C. A. and L. J. Young (2002). Combining incompatible spatial data. Journal of the American Statistical Association 97 (458), 632-648.",journal_article,Combining incompatible spatial data,"Gotway, C. A. | L. J. Young",2002,Journal of the American Statistical Association,97,458,632-648,,,,,,,verified,1.0,Combining Incompatible Spatial Data,Carol A Gotway | Linda J Young,Journal of the American Statistical Association,10.1198/016214502760047140,https://doi.org/10.1198/016214502760047140,crossref_title_static,Verified via static CrossRef title search (score: 1.00),35.34,0,0,0,0.0,0.0,0.0
"Graif, C. and R. J. Sampson (2009). Spatial heterogeity in the effects of immigration and diversity on neighborhood homicide rates. Homicide Studies 13 (3), 242-260.",journal_article,Spatial heterogeity in the effects of immigration and diversity on neighborhood homicide rates,"Graif, C. | R. J. Sampson",2009,Homicide Studies,13,3,242-260,,,,,,,verified,0.9936842105263157,Spatial Heterogeneity in the Effects of Immigration and Diversity on Neighborhood Homicide Rates,Corina Graif | Robert J. Sampson,Homicide Studies,10.1177/1088767909336728,https://doi.org/10.1177/1088767909336728,crossref_title_static,Verified via static CrossRef title search (score: 0.99),35.01,0,0,0,0.0,0.0,0.0
"Griffiths, E. and J. M. Chavez (2004). Communities, street guns and homicide trajectories in Chicago, 1980-1995: Merging methods for examining homicide trends across space and time. Criminology 42 (2), 941-978.",journal_article,"Communities, street guns and homicide trajectories in Chicago, 1980-1995: Merging methods for examining homicide trends across space and time","Griffiths, E. | J. M. Chavez",2004,Criminology,42,2,941-978,,,,,,,verified,1.0,"COMMUNITIES, STREET GUNS AND HOMICIDE TRAJECTORIES IN CHICAGO, 1980–1995: MERGING METHODS FOR EXAMINING HOMICIDE TRENDS ACROSS SPACE AND TIME*",ELIZABETH GRIFFITHS | JORGE M. CHAVEZ,Criminology,10.1111/j.1745-9125.2004.tb00541.x,https://doi.org/10.1111/j.1745-9125.2004.tb00541.x,crossref_title_static,Verified via static CrossRef title search (score: 1.00),35.28,0,0,0,0.0,0.0,0.0
"Groff, E. R. (2008). Adding the temporal and spatial aspects of routine activities: A further test of routine activity theory. Security Journal 21 (1-2), 95-116.",journal_article,Adding the temporal and spatial aspects of routine activities: A further test of routine activity theory,"Groff, E. R.",2008,Security Journal,21,1-2,95-116,,,,,,,verified,1.0,Adding the Temporal and Spatial Aspects of Routine Activities: A Further Test of Routine Activity Theory,Elizabeth R Groff,Security Journal,10.1057/palgrave.sj.8350070,https://doi.org/10.1057/palgrave.sj.8350070,crossref_title_static,Verified via static CrossRef title search (score: 1.00),35.33,0,0,0,0.0,0.0,0.0
"Groff, E. R. (2011). Exploring ’near’: Characterizing the spatial extent of drinking place influence on crime. Australian & New Zealand Journal of Criminology 44 (2), 156-179.",journal_article,Exploring ’near’: Characterizing the spatial extent of drinking place influence on crime,"Groff, E. R.",2011,Australian & New Zealand Journal of Criminology,44,2,156-179,,,,,,,verified,1.0,Exploring ‘near’: Characterizing the spatial extent of drinking place influence on crime,Elizabeth Groff,Australian &amp; New Zealand Journal of Criminology,10.1177/0004865811405253,https://doi.org/10.1177/0004865811405253,crossref_title_static,Verified via static CrossRef title search (score: 1.00),35.24,0,0,0,0.0,0.0,0.0
"Groff, E. R. (2013). Quantifying the exposure of street segments to drinking places nearby. Journal of Quantitative Criminology, Online First.",journal_article,Quantifying the exposure of street segments to drinking places nearby,"Groff, E. R.",2013,Journal of Quantitative Criminology,,,,,,,,,,verified,1.0,Quantifying the Exposure of Street Segments to Drinking Places Nearby,Elizabeth R. Groff,Journal of Quantitative Criminology,10.1007/s10940-013-9213-2,https://doi.org/10.1007/s10940-013-9213-2,crossref_title_static,Verified via static CrossRef title search (score: 1.00),35.06,0,0,0,0.0,0.0,0.0
"Groff, E. R. and B. Lockwood (2014). Criminogenic facilities and crime across street segments in Philadelphia: Uncovering evidence about the spatial extent of facility influence. Journal of Research in Crime and Delinquency 51 (3), 277-314.",journal_article,Criminogenic facilities and crime across street segments in Philadelphia: Uncovering evidence about the spatial extent of facility influence,"Groff, E. R. | B. Lockwood",2014,Journal of Research in Crime and Delinquency,51,3,277-314,,,,,,,verified,1.0,Criminogenic Facilities and Crime across Street Segments in Philadelphia: Uncovering Evidence about the Spatial Extent of Facility Influence,Elizabeth R. Groff | Brian Lockwood,Journal of Research in Crime and Delinquency,10.1177/0022427813512494,https://doi.org/10.1177/0022427813512494,crossref_title_static,Verified via static CrossRef title search (score: 1.00),34.24,0,0,0,0.0,0.0,0.0
"Groff, E. R. and E. S. McCord (2012). The role of neighborhood parks as crime generators. Security Journal 25 (1), 1-24.",journal_article,The role of neighborhood parks as crime generators,"Groff, E. R. | E. S. McCord",2012,Security Journal,25,1,1-24,,,,,,,verified,1.0,The role of neighborhood parks as crime generators,Elizabeth Groff | Eric S McCord,Security Journal,10.1057/sj.2011.1,https://doi.org/10.1057/sj.2011.1,crossref_title_static,Verified via static CrossRef title search (score: 1.00),34.11,0,0,0,0.0,0.0,0.0
"Groff, E. R., D. Weisburd, and S. Yang (2010). Is it important to examine crime trends at a local “Micro” level?: A longitudinal analysis of street to street variability in crime trajectories. Journal of Quantitative Criminology 26 (1), 7-32.",journal_article,Is it important to examine crime trends at a local “Micro” level?: A longitudinal analysis of street to street variability in crime trajectories,"Groff, E. R. | D. Weisburd | S. Yang",2010,Journal of Quantitative Criminology,26,1,7-32,,,,,,,verified,1.0,Is it Important to Examine Crime Trends at a Local “Micro” Level?: A Longitudinal Analysis of Street to Street Variability in Crime Trajectories,Elizabeth R. Groff | David Weisburd | Sue-Ming Yang,Journal of Quantitative Criminology,10.1007/s10940-009-9081-y,https://doi.org/10.1007/s10940-009-9081-y,crossref_title_static,Verified via static CrossRef title search (score: 1.00),33.87,0,0,0,0.0,0.0,0.0
"Gruenewald, P. J. (2007). The spatial ecology of alcohol problems: Niche theory and assortative drinking. Addiction 102 (6), 870-878.",journal_article,The spatial ecology of alcohol problems: Niche theory and assortative drinking,"Gruenewald, P. J.",2007,Addiction,102,6,870-878,,,,,,,verified,1.0,The spatial ecology of alcohol problems: niche theory and assortative drinking,Paul J. Gruenewald,Addiction,10.1111/j.1360-0443.2007.01856.x,https://doi.org/10.1111/j.1360-0443.2007.01856.x,crossref_title_static,Verified via static CrossRef title search (score: 1.00),33.87,0,0,0,0.0,0.0,0.0
"Gruenewald, P. J., B. Freisthler, L. G. Remer, E. A. LaScala, and A. J. Treno (2006). Ecological models of alcohol outlets and violent assaults: Crime potentials and geospatial analysis. Addiction 101 (5), 666-677.",journal_article,Ecological models of alcohol outlets and violent assaults: Crime potentials and geospatial analysis,"Gruenewald, P. J. | B. Freisthler | L. G. Remer | E. A. LaScala | A. J. Treno",2006,Addiction,101,5,666-677,,,,,,,verified,1.0,Ecological models of alcohol outlets and violent assaults: crime potentials and geospatial analysis,Paul J. Gruenewald | Bridget Freisthler | Lillian Remer | Elizabeth A. LaScala | Andrew Treno,Addiction,10.1111/j.1360-0443.2006.01405.x,https://doi.org/10.1111/j.1360-0443.2006.01405.x,crossref_title_static,Verified via static CrossRef title search (score: 1.00),33.45,0,0,0,0.0,0.0,0.0
"Grunfeld, Y. and Z. Griliches (1960). Is aggregation necessarily bad? The Review of Economics and Statistics 42 (1), 1-13.",journal_article,Is aggregation necessarily bad?,"Grunfeld, Y. | Z. Griliches",1960,The Review of Economics and Statistics,42,1,1-13,,,,,,,verified,1.0,Is Aggregation Necessarily Bad?,Yehuda Grunfeld | Zvi Griliches,The Review of Economics and Statistics,10.2307/1926089,https://doi.org/10.2307/1926089,crossref_title_static,Verified via static CrossRef title search (score: 1.00),35.59,0,0,0,0.0,0.0,0.0
"Guerette, R. T. and K. J. Bowers (2009). Assessing the extent of crime displacement and diffusion of benifits: A review of situational crime prevention evaluations. Criminology 47 (4), 1331-1368.",journal_article,Assessing the extent of crime displacement and diffusion of benefits: A review of situational crime prevention evaluations,"Guerette, R. T. | K. J. Bowers",2009,Criminology,47,4,1331-1368,,,,,,,verified,1.0,ASSESSING THE EXTENT OF CRIME DISPLACEMENT AND DIFFUSION OF BENEFITS: A REVIEW OF SITUATIONAL CRIME PREVENTION EVALUATIONS*,ROB T. GUERETTE | KATE J. BOWERS,Criminology,10.1111/j.1745-9125.2009.00177.x,https://doi.org/10.1111/j.1745-9125.2009.00177.x,crossref_title_static,Verified via static CrossRef title search (score: 1.00),38.48,0,0,0,0.0,0.0,0.0
"Haberman, C. P., E. R. Groff, and R. B. Taylor (2013). The variable impacts of public housing community proximity on nearby street robberies. Journal of Research in Crime and Delinquency 50 (2), 163-188.",journal_article,The variable impacts of public housing community proximity on nearby street robberies,"Haberman, C. P. | E. R. Groff | R. B. Taylor",2013,Journal of Research in Crime and Delinquency,50,2,163-188,,,,,,,verified,0.99,The Variable Impacts of Public Housing Community Proximity on Nearby Street Robberies,Cory P. Haberman | Elizabeth R. Groff | Ralph B. Taylor,Journal of Research in Crime and Delinquency,10.1177/0022427811426335,https://journals.sagepub.com/doi/10.1177/0022427811426335,SAGE Journals,"The SAGE publisher page directly confirms the article title, all three authors, the journal, and that the issue was published in May 2013. Its DOI is 10.1177/0022427811426335. The independent coordinates search found the same article at volume 50, issue 2, pages 163–188. No substantive citation discrepancy was found.",119.02,73753,572,2,0.002884,0.0055,0.008384
"Hammond, J. L. (1973). Two sources of error in ecological correlations. American Sociological Review 38 (6), 764-777.",journal_article,Two sources of error in ecological correlations,"Hammond, J. L.",1973,American Sociological Review,38,6,764-777,,,,,,,verified,1.0,Two Sources of Error in Ecological Correlations,John L. Hammond,American Sociological Review,10.2307/2094137,https://doi.org/10.2307/2094137,crossref_title_static,Verified via static CrossRef title search (score: 1.00),25.57,0,0,0,0.0,0.0,0.0
"Hannan, M. T. and L. Burstein (1974). Estimation from grouped observations. American Sociological Review 39 (3), 374-392.",journal_article,Estimation from grouped observations,"Hannan, M. T. | L. Burstein",1974,American Sociological Review,39,3,374-392,,,,,,,verified,1.0,Estimation from Grouped Observations,Michael T. Hannan | Leigh Burstein,American Sociological Review,10.2307/2094296,https://doi.org/10.2307/2094296,crossref_title_static,Verified via static CrossRef title search (score: 1.00),25.74,0,0,0,0.0,0.0,0.0
"Harcourt, B. E. and J. Ludwig (2006). Broken windows: New evidence from New York City and a five-city social experiment. The University of Chicago Law Review 73 (1), 271-320.",journal_article,Broken windows: New evidence from New York City and a five-city social experiment,"Harcourt, B. E. | J. Ludwig",2006,The University of Chicago Law Review,73,1,271-320,,,,,,,verified,0.99,Broken Windows: New Evidence from New York City and a Five-City Social Experiment,Bernard E. Harcourt | Jens Ludwig,University of Chicago Law Review,,https://chicagounbound.uchicago.edu/uclrev/vol73/iss1/14/,Chicago Unbound (University of Chicago Law Review article record),"The journal's official Chicago Unbound article record confirms the title, both authors, volume 73, issue 1, and start page 271; its recommended citation identifies the 2006 article. The journal article PDF record also gives pages 271–320. The citation matches the work as cited.",116.4,52577,430,1,0.002416,0.003,0.005416
"Hardin, J. (1996). Fixed-, between-, and random-effects in xtreg. StataCorp LP. Obtained on 5/12/2014. Available at http://www.stata.com/support/faqs/statistics/xtreg-and-effects/.",web,"Fixed-, between-, and random-effects in xtreg","Hardin, J.",1996,,,,,,,,StataCorp LP,http://www.stata.com/support/faqs/statistics/xtreg-and-effects/,,not_found,0.76,,,,,,,"The cited URL was checked, but the fetch returned no content; the supplied URL precheck reports an affirmative dead/soft-404 result. Searches for the exact title with the named author and with StataCorp, plus Stata-domain/title-word searches, did not produce a direct Stata record for the cited page. Search results did surface current Stata manuals with related but different titles, and an official FAQ titled “FAQ: Between estimators” credited to William Gould; neither confirms the specific cited work or affirmatively establishes that the cited FAQ never existed. Therefore the work could not be verified, and the evidence does not justify calling it fabricated.",156.84,53373,695,2,0.001206,0.0055,0.006706
"Harrell, Jr., F. E. (2001). Regression modeling strategies: With applications to linear models, logistic regression, and survival analysis. New York: Springer-Verlag.",book,"Regression modeling strategies: With applications to linear models, logistic regression, and survival analysis","Harrell, Jr., F. E.",2001,,,,,,,,Springer-Verlag,,,verified,1.0,"Regression Modeling Strategies: With Applications to Linear Models, Logistic Regression, and Survival Analysis",Frank E. Harrell,Springer Series in Statistics,10.1007/978-1-4757-3462-1,https://doi.org/10.1007/978-1-4757-3462-1,crossref_title_static,Verified via static CrossRef title search (score: 1.00),26.96,0,0,0,0.0,0.0,0.0
"Harrower, M. and C. Brewer (2003). ColorBrewer.org: An online tool for selecting colour schemes for maps. The Cartographic Journal 40 (1), 27-37.",journal_article,ColorBrewer.org: An online tool for selecting colour schemes for maps,"Harrower, M. | Brewer, C.",2003,The Cartographic Journal,40,1,27-37,,,,,,,verified,1.0,ColorBrewer.org: An Online Tool for Selecting Colour Schemes for Maps,Mark Harrower | Cynthia A. Brewer,The Cartographic Journal,10.1179/000870403235002042,https://doi.org/10.1179/000870403235002042,crossref_title_static,Verified via static CrossRef title search (score: 1.00),26.55,0,0,0,0.0,0.0,0.0
"Hauser, R. M. (1970). Context and consex: A cautionary tale. American Journal of Sociology 75 (4), 645-664.",journal_article,Context and consex: A cautionary tale,"Hauser, R. M.",1970,American Journal of Sociology,75,4,645-664,,,,,,,verified,1.0,Context and Consex: A Cautionary Tale,Robert M. Hauser,American Journal of Sociology,10.1086/224894,https://doi.org/10.1086/224894,crossref_title_static,Verified via static CrossRef title search (score: 1.00),26.26,0,0,0,0.0,0.0,0.0
"Hauser, R. M. (1974). Contextual analysis revisited. Sociological Methods & Research 2 (3), 365-375.",journal_article,Contextual analysis revisited,"Hauser, R. M.",1974,Sociological Methods & Research,2,3,365-375,,,,,,,verified,1.0,Contextual Analysis Revisited,Robert M. Hauser,Sociological Methods &amp; Research,10.1177/004912417400200305,https://doi.org/10.1177/004912417400200305,crossref_title_static,Verified via static CrossRef title search (score: 1.00),27.16,0,0,0,0.0,0.0,0.0
"Haywood, J., P. Kautt, and A. Whitaker (2009). The effects of ‘Alley-Gating‘ in an English town. European Journal of Criminology 6 (4), 361-381.",journal_article,The effects of ‘Alley-Gating‘ in an English town,"Haywood, J. | Kautt, P. | Whitaker, A.",2009,European Journal of Criminology,6,4,361-381,,,,,,,verified,1.0,The Effects of 'Alley-Gating' in an English Town,John Haywood | Paula Kautt | Andrew Whitaker,European Journal of Criminology,10.1177/1477370809104687,https://doi.org/10.1177/1477370809104687,crossref_title_static,Verified via static CrossRef title search (score: 1.00),27.61,0,0,0,0.0,0.0,0.0
"Hinkle, J. C., D. Weisburd, C. Famega, and J. Ready (2014). The problem is not just sample size: The consequences of low base rates in policing experiments in smaller cities. Evaluation Review, Online First.",journal_article,The problem is not just sample size: The consequences of low base rates in policing experiments in smaller cities,"Hinkle, J. C. | Weisburd, D. | Famega, C. | Ready, J.",2014,Evaluation Review,,,,,,,,,,verified,1.0,The Problem Is Not Just Sample Size: The Consequences of Low Base Rates in Policing Experiments in Smaller Cities,Joshua C. Hinkle | David Weisburd | Christine Famega | Justin Ready,Evaluation Review,10.1177/0193841x13519799,https://doi.org/10.1177/0193841x13519799,crossref_title_static,Verified via static CrossRef title search (score: 1.00),27.5,0,0,0,0.0,0.0,0.0
"Hipp, J. R. (2007). Block, tract, and levels of aggregation: Neighborhood structure and crime and disorder as a case in point. American Sociological Review 72 (5), 659-680.",journal_article,"Block, tract, and levels of aggregation: Neighborhood structure and crime and disorder as a case in point","Hipp, J. R.",2007,American Sociological Review,72,5,659-680,,,,,,,verified,1.0,"Block, Tract, and Levels of Aggregation: Neighborhood Structure and Crime and Disorder as a Case in Point",John R. Hipp,American Sociological Review,10.1177/000312240707200501,https://doi.org/10.1177/000312240707200501,crossref_title_static,Verified via static CrossRef title search (score: 1.00),27.96,0,0,0,0.0,0.0,0.0
"Hipp, J. R. and A. Boessen (2013). Egohoods as waves washing across the city: A new measure of “neighborhoods”. Criminology 51 (2), 287-327.",journal_article,Egohoods as waves washing across the city: A new measure of “neighborhoods”,"Hipp, J. R. | Boessen, A.",2013,Criminology,51,2,287-327,,,,,,,verified,1.0,EGOHOODS AS WAVES WASHING ACROSS THE CITY: A NEW MEASURE OF “NEIGHBORHOODS”,JOHN R. HIPP | ADAM BOESSEN,Criminology,10.1111/1745-9125.12006,https://doi.org/10.1111/1745-9125.12006,crossref_title_static,Verified via static CrossRef title search (score: 1.00),27.7,0,0,0,0.0,0.0,0.0
"Hipp, J. R., R. W. Faris, and A. Boessen (2011). Measuring ’neighborhood’: Constructing network neighborhoods. Social Networks 34 (1), 128-140.",journal_article,Measuring ’neighborhood’: Constructing network neighborhoods,"Hipp, J. R. | Faris, R. W. | Boessen, A.",2011,Social Networks,34,1,128-140,,,,,,,minor_error,1.0,Measuring ‘neighborhood’: Constructing network neighborhoods,John R. Hipp | Robert W. Faris | Adam Boessen,Social Networks,10.1016/j.socnet.2011.05.002,https://doi.org/10.1016/j.socnet.2011.05.002,crossref_title_static,"Verified via static CrossRef title search (score: 1.00) Same work identified, but the citation year (2011) does not match the volume/issue (published-print) year (2012) while volume/article coordinates are present — typically online-first vs issue year; minor_error.",28.23,0,0,0,0.0,0.0,0.0
"Hodges, J. S. and B. J. Reich (2010). Adding spatially-correlated errors can mess up the fixed effect you love. The American Statistician 64 (4), 325-334.",journal_article,Adding spatially-correlated errors can mess up the fixed effect you love,"Hodges, J. S. | Reich, B. J.",2010,The American Statistician,64,4,325-334,,,,,,,verified,1.0,Adding Spatially-Correlated Errors Can Mess Up the Fixed Effect You Love,James S. Hodges | Brian J. Reich,The American Statistician,10.1198/tast.2010.10052,https://doi.org/10.1198/tast.2010.10052,crossref_title_static,Verified via static CrossRef title search (score: 1.00),27.94,0,0,0,0.0,0.0,0.0
"Imai, K., L. Keele, and D. Tingley (2010). A general approach to causal mediation analysis. Pyschological Methods 15 (4), 309-334.",journal_article,A general approach to causal mediation analysis,"Imai, K. | Keele, L. | Tingley, D.",2010,Pyschological Methods,15,4,309-334,,,,,,,verified,1.0,A general approach to causal mediation analysis.,Kosuke Imai | Luke Keele | Dustin Tingley,Psychological Methods,10.1037/a0020761,https://doi.org/10.1037/a0020761,crossref_title_static,Verified via static CrossRef title search (score: 1.00),28.44,0,0,0,0.0,0.0,0.0
"Jackson, C. K. and E. G. Owens (2011). One for the road: Public transportation, alcohol consumption, and intoxicated driving. Journal of Public Economics 95 (1-2), 106-121.",journal_article,"One for the road: Public transportation, alcohol consumption, and intoxicated driving","Jackson, C. K. | Owens, E. G.",2011,Journal of Public Economics,95,1-2,106-121,,,,,,,verified,1.0,"One for the road: Public transportation, alcohol consumption, and intoxicated driving",C. Kirabo Jackson | Emily Greene Owens,Journal of Public Economics,10.1016/j.jpubeco.2010.09.010,https://doi.org/10.1016/j.jpubeco.2010.09.010,crossref_title_static,Verified via static CrossRef title search (score: 1.00),28.34,0,0,0,0.0,0.0,0.0
"Jacobs, B. A. (2010). Serendipity in robbery target selection. The British Journal of Criminology 50 (3), 514-529.",journal_article,Serendipity in robbery target selection,"Jacobs, B. A.",2010,The British Journal of Criminology,50,3,514-529,,,,,,,verified,1.0,Serendipity in Robbery Target Selection,B. A. Jacobs,British Journal of Criminology,10.1093/bjc/azq002,https://doi.org/10.1093/bjc/azq002,crossref_title_static,Verified via static CrossRef title search (score: 1.00),28.21,0,0,0,0.0,0.0,0.0
"Jargowsky, P. A. (2005). The Ecological Fallacy. In K. Kempf-Leonard (Ed.), Encyclopedia of Social Measurement, pp. 715-722. New York, NY: Elsevier.",book_chapter,The Ecological Fallacy,"Jargowsky, P. A.",2005,,,,715-722,,,Encyclopedia of Social Measurement,Elsevier,,,verified,0.94,Ecological Fallacy,Paul A. Jargowsky,Encyclopedia of Social Measurement,10.1016/b0-12-369398-5/00112-2,https://doi.org/10.1016/b0-12-369398-5/00112-2,crossref_title_static,Verified via static CrossRef title search (score: 0.94),31.98,0,0,0,0.0,0.0,0.0
"Jennings, J. M., A. J. Milam, A. Greiner, C. D. M. Furr-Holden, F. C. Curriero, and R. J. Thornton (2014). Neighborhood alcohol outlets and the association with violent crime in one mid-Atlantic city: The implications for zoning policy. Journal of Urban Health 91 (1), 62-71.",journal_article,Neighborhood alcohol outlets and the association with violent crime in one mid-Atlantic city: The implications for zoning policy,"Jennings, J. M. | Milam, A. J. | Greiner, A. | Furr-Holden, C. D. M. | Curriero, F. C. | Thornton, R. J.",2014,Journal of Urban Health,91,1,62-71,,,,,,,verified,1.0,Neighborhood Alcohol Outlets and the Association with Violent Crime in One Mid-Atlantic City: The Implications for Zoning Policy,Jacky M. Jennings | Adam J. Milam | Amelia Greiner | C. Debra M. Furr-Holden | Frank C. Curriero | Rachel J. Thornton,Journal of Urban Health,10.1007/s11524-013-9821-z,https://doi.org/10.1007/s11524-013-9821-z,crossref_title_static,Verified via static CrossRef title search (score: 1.00),28.27,0,0,0,0.0,0.0,0.0
"Johnson, S. D. and K. J. Bowers (2010). Permeability and burglary risk: Are cul-de-sacs safer? Journal of Quantitative Criminology 26 (1), 89-111.",journal_article,Permeability and burglary risk: Are cul-de-sacs safer?,"Johnson, S. D. | Bowers, K. J.",2010,Journal of Quantitative Criminology,26,1,89-111,,,,,,,verified,1.0,Permeability and Burglary Risk: Are Cul-de-Sacs Safer?,Shane D. Johnson | Kate J. Bowers,Journal of Quantitative Criminology,10.1007/s10940-009-9084-8,https://doi.org/10.1007/s10940-009-9084-8,crossref_title_static,Verified via static CrossRef title search (score: 1.00),27.29,0,0,0,0.0,0.0,0.0
"Johnson, S. D., L. Summers, and K. Pease (2009). Offender as forager: A direct test of the boost account of victimization. Journal of Quantitative Criminology 25 (2), 181-200.",journal_article,Offender as forager: A direct test of the boost account of victimization,"Johnson, S. D. | Summers, L. | Pease, K.",2009,Journal of Quantitative Criminology,25,2,181-200,,,,,,,verified,1.0,Offender as Forager? A Direct Test of the Boost Account of Victimization,Shane D. Johnson | Lucia Summers | Ken Pease,Journal of Quantitative Criminology,10.1007/s10940-008-9060-8,https://doi.org/10.1007/s10940-008-9060-8,crossref_title_static,Verified via static CrossRef title search (score: 1.00),27.13,0,0,0,0.0,0.0,0.0
"Kang, E. L., D. Liu, and N. Cressie (2009). Statistical analysis of small-area data based on independence, spatial, non-hierarchical, and hierarchical models. Computational Statistics & Data Analysis 53 (8), 3016-3032.",journal_article,"Statistical analysis of small-area data based on independence, spatial, non-hierarchical, and hierarchical models","Kang, E. L. | Liu, D. | Cressie, N.",2009,Computational Statistics & Data Analysis,53,8,3016-3032,,,,,,,verified,1.0,"Statistical analysis of small-area data based on independence, spatial, non-hierarchical, and hierarchical models",Emily L. Kang | Desheng Liu | Noel Cressie,Computational Statistics &amp; Data Analysis,10.1016/j.csda.2008.07.033,https://doi.org/10.1016/j.csda.2008.07.033,crossref_title_static,Verified via static CrossRef title search (score: 1.00),26.6,0,0,0,0.0,0.0,0.0
"Kastellec, J. P. and E. L. Leoni (2007). Using graphs instead of tables in Political Science. Perspectives on Politics 5 (4), 755-771.",journal_article,Using graphs instead of tables in Political Science,"Kastellec, J. P. | Leoni, E. L.",2007,Perspectives on Politics,5,4,755-771,,,,,,,verified,1.0,Using Graphs Instead of Tables in Political Science,Jonathan P. Kastellec | Eduardo L. Leoni,Perspectives on Politics,10.1017/s1537592707072209,https://doi.org/10.1017/s1537592707072209,crossref_title_static,Verified via static CrossRef title search (score: 1.00),28.87,0,0,0,0.0,0.0,0.0
"Keizer, K., S. Linderberg, and L. Steg (2008). The spreading of disorder. Science 322 (5908), 1681-1685.",journal_article,The spreading of disorder,"Keizer, K. | Linderberg, S. | Steg, L.",2008,Science,322,5908,1681-1685,,,,,,,minor_error,0.99,The Spreading of Disorder,Kees Keizer | Siegwart Lindenberg | Linda Steg,Science,10.1126/science.1161405,https://doi.org/10.1126/science.1161405,Science DOI publisher landing page; University of Groningen repository; PubMed,"The DOI publisher landing page and the University of Groningen official repository record identify the article as “The Spreading of Disorder,” by Kees Keizer, Siegwart Lindenberg, and Linda Steg, in Science 322(5908), 1681–1685 (2008). PubMed independently confirms the same volume, issue, pages, date, and DOI. Title, venue, year, volume, issue, and pages match. The citation’s “Linderberg” is a concrete misspelling of the official author surname “Lindenberg,” so this is the same work with a minor author-name error. Direct sources: https://doi.org/10.1126/science.1161405 and https://pure.rug.nl/ws/files/10429297/KeizerK-Spreading-2008.pdf",151.19,65191,564,1,0.002388,0.003,0.005388
"Kelling, G. L. and W. H. Sousa (2001). Do police matter? An analysis of the impact of New York City’s police reforms. Manhattan Institute for Police Research 22, 1-25.",book,Do police matter? An analysis of the impact of New York City’s police reforms,"Kelling, G. L. | Sousa, W. H.",2001,,22,,1-25,,,,Manhattan Institute for Police Research,,,minor_error,0.98,Do Police Matter? An Analysis of the Impact of New York City's Police Reforms,William H. Sousa | George L. Kelling,Manhattan Institute,,,Manhattan Institute,"The Manhattan Institute’s own article/report record identifies the report by the matching title, credits William H. Sousa and George L. Kelling, and dates it December 1, 2001. Search result: https://manhattan.institute/article/do-police-matter-an-analysis-of-the-impact-of-new-york-citys-police-reforms. The direct URL was submitted to the fetch tool, but its response contained no page content; the publisher-inclusive search result exposes the publisher record and its metadata. A separate search result identifies it as Civic Report No. 22, consistent with the citation’s report number. The raw citation lists the same two authors in the reverse order, so this is the same work but with author order incorrectly stated.",128.89,70761,707,2,0.002771,0.0055,0.008271
"Kennedy, L. W., J. M. Caplan, and E. Piza (2010). Risk clusters, hotspots, and spatial intelligence: Risk terrain modelling as an algorithm for police resource allocation strategies. Journal of Quantitative Criminology 27 (3), 339-362.",journal_article,"Risk clusters, hotspots, and spatial intelligence: Risk terrain modelling as an algorithm for police resource allocation strategies","Kennedy, L. W. | Caplan, J. M. | Piza, E.",2010,Journal of Quantitative Criminology,27,3,339-362,,,,,,,minor_error,0.9976470588235293,"Risk Clusters, Hotspots, and Spatial Intelligence: Risk Terrain Modeling as an Algorithm for Police Resource Allocation Strategies",Leslie W. Kennedy | Joel M. Caplan | Eric Piza,Journal of Quantitative Criminology,10.1007/s10940-010-9126-2,https://doi.org/10.1007/s10940-010-9126-2,crossref_title_static,"Verified via static CrossRef title search (score: 1.00) Same work identified, but the citation year (2010) does not match the volume/issue (published-print) year (2011) while volume/article coordinates are present — typically online-first vs issue year; minor_error.",55.91,0,0,0,0.0,0.0,0.0
"Kent, J. and M. Leitner (2009). Utilizing land cover characteristics to enhance journey-to-crime estimation models. Crime Mapping: A Journal of Research and Practice 1 (1), 33-54.",journal_article,Utilizing land cover characteristics to enhance journey-to-crime estimation models,"Kent, J. | Leitner, M.",2009,Crime Mapping: A Journal of Research and Practice,1,1,33-54,,,,,,,verified,0.99,Utilizing Land Cover Characteristics to Enhance Journey-to-Crime Estimation Models,JOSHUA KENT | MICHAEL LEITNER,Crime Mapping: A Journal of Research and Practice,,https://cjresearch.com/CMJ/Articles/2009010102.html,Journal article page and journal issue contents,"Direct evidence: the journal’s article page lists the title, Joshua Kent and Michael Leitner, and pages 33–54; the journal’s own Volume 1, Issue 1 contents independently show the same article at pages 33–54. The contents page identifies the issue as 2009. Required coordinates search (journal + volume 1 + page 33) returned this same article and authors at pages 33–54. Title, venue, authors, year, and cited coordinates match; no concrete error found.",149.09,70131,576,2,0.002674,0.0055,0.008174
"King, G. (1996). Why context should not count. Political Geography 15 (2), 159-164.",journal_article,Why context should not count,"King, G.",1996,Political Geography,15,2,159-164,,,,,,,verified,1.0,Why context should not count,Gary King,Political Geography,10.1016/0962-6298(95)00079-8,https://doi.org/10.1016/0962-6298(95)00079-8,crossref_title_static,Verified via static CrossRef title search (score: 1.00),55.34,0,0,0,0.0,0.0,0.0
"King, G. (1997). A solution to the ecological inference problem: Reconstructing individual behavior from aggregate data. Princeton, New Jersey: Princeton University Press.",book,A solution to the ecological inference problem: Reconstructing individual behavior from aggregate data,"King, G.",1997,,,,,,,,Princeton University Press,,,verified,0.99,A Solution to the Ecological Inference Problem,Gary King,Princeton University Press,,https://press.princeton.edu/books/paperback/9780691012407/a-solution-to-the-ecological-inference-problem,Princeton University Press,"The Princeton University Press book page directly identifies the work as a paperback published April 6, 1997, with 1997 copyright, and describes its subject as ecological inference. The publisher’s displayed title is shorter than the citation’s subtitle; the subtitle is also consistent with the library catalog record for this book. No substantive citation error is established.",123.77,53407,524,2,0.001097,0.0055,0.006597
"Kinney, J. B., P. L. Brantingham, K. Wuschke, M. G. Kirk, and P. J. Brantingham (2008). Crime attractors, generators and detractors: Land use and urban crime opportunities. Built Environment 34 (1), 62-74.",journal_article,"Crime attractors, generators and detractors: Land use and urban crime opportunities","Kinney, J. B. | Brantingham, P. L. | Wuschke, K. | Kirk, M. G. | Brantingham, P. J.",2008,Built Environment,34,1,62-74,,,,,,,verified,1.0,"Crime Attractors, Generators and Detractors: Land Use and Urban Crime Opportunities",J. Bryan Kinney | Patricia L Brantingham | Kathryn Wuschke | Michael G Kirk | Paul J Brantingham,Built Environment,10.2148/benv.34.1.62,https://doi.org/10.2148/benv.34.1.62,crossref_title_static,Verified via static CrossRef title search (score: 1.00),54.93,0,0,0,0.0,0.0,0.0
"Krivo, L. J. and R. D. Peterson (1996). Extremely disadvantaged neighborhoods and urban crime. Social Forces 75 (2), 619-648.",journal_article,Extremely disadvantaged neighborhoods and urban crime,"Krivo, L. J. | Peterson, R. D.",1996,Social Forces,75,2,619-648,,,,,,,verified,1.0,Extremely Disadvantaged Neighborhoods and Urban Crime,Lauren J. Krivo | Ruth D. Peterson,Social Forces,10.2307/2580416,https://doi.org/10.2307/2580416,crossref_title_static,Verified via static CrossRef title search (score: 1.00),55.16,0,0,0,0.0,0.0,0.0
"Kubrin, C. E. and R. Weitzer (2003). New directions in social disorganization theory. Journal of Research in Crime and Delinquency 40 (4), 374-402.",journal_article,New directions in social disorganization theory,"Kubrin, C. E. | Weitzer, R.",2003,Journal of Research in Crime and Delinquency,40,4,374-402,,,,,,,verified,1.0,New Directions in Social Disorganization Theory,Charis E. Kubrin | Ronald Weitzer,Journal of Research in Crime and Delinquency,10.1177/0022427803256238,https://doi.org/10.1177/0022427803256238,crossref_title_static,Verified via static CrossRef title search (score: 1.00),55.25,0,0,0,0.0,0.0,0.0
"Kuo, F. E. and W. C. Sullivan (2001). Environment and crime in the inner city: Does vegetation reduce crime? Environment and Behavior 33 (3), 343-367.",journal_article,Environment and crime in the inner city: Does vegetation reduce crime?,"Kuo, F. E. | Sullivan, W. C.",2001,Environment and Behavior,33,3,343-367,,,,,,,verified,1.0,Environment and Crime in the Inner City: Does Vegetation Reduce Crime?,Frances E. Kuo | William C. Sullivan,Environment and Behavior,10.1177/0013916501333002,https://doi.org/10.1177/0013916501333002,crossref_title_static,Verified via static CrossRef title search (score: 1.00),55.48,0,0,0,0.0,0.0,0.0
"Kurland, J., S. D. Johnson, and N. Tilley (2014). Offenses around stadiums: A natural experiment on crime attraction and generation. Journal of Research in Crime and Delinquency 51 (1), 5-28.",journal_article,Offenses around stadiums: A natural experiment on crime attraction and generation,"Kurland, J. | Johnson, S. D. | Tilley, N.",2014,Journal of Research in Crime and Delinquency,51,1,5-28,,,,,,,verified,1.0,Offenses around Stadiums: A Natural Experiment on Crime Attraction and Generation,Justin Kurland | Shane D. Johnson | Nick Tilley,Journal of Research in Crime and Delinquency,10.1177/0022427812471349,https://doi.org/10.1177/0022427812471349,crossref_title_static,Verified via static CrossRef title search (score: 1.00),55.74,0,0,0,0.0,0.0,0.0
"Kutner, M. H., C. J. Nachtsheim, and J. Neter (2004). Applied Linear Regression Models. New York, NY: McGraw-Hill Irwin.",book,Applied Linear Regression Models,"Kutner, M. H. | Nachtsheim, C. J. | Neter, J.",2004,,,,,,9780073014661,,McGraw-Hill Irwin,,,verified,0.97,Applied Linear Regression Models,Michael H. Kutner | Christopher J. Nachtsheim | John Neter,McGraw-Hill/Irwin,,,Google Books bibliographic record,"The Google Books bibliographic record directly inspected lists the exact title, McGraw-Hill/Irwin, 2004, and 701 pages; its listed author names match the citation. A university library catalog search result independently gives the same authors, fourth edition, publisher, and 2004. The citation is verified as stated. The publisher website fetch showed only its general homepage, not a title-specific book record, so the source URL below is the inspected Google Books record.",149.67,74339,543,2,0.001606,0.0055,0.007106
"La Vigne, N. G. (1997). Safe transport: Security by design on the Washington Metro. Crime Prevention Studies 6, 163-197.",book_chapter,Safe transport: Security by design on the Washington Metro,"La Vigne, N. G.",1997,,6,,163-197,,,Crime Prevention Studies,,,,verified,0.97,Safe Transport: Security by Design on the Washington Metro,Nancy G. La Vigne,"Crime Prevention Studies, Volume 6",,https://www.rienner.com/title/Preventing_Mass_Transit_Crime,"Lynne Rienner Publishers; Center for Problem-Oriented Policing, Arizona State University","The title and author are confirmed on the official Center for Problem-Oriented Policing page for Crime Prevention Studies, Volume 6, which lists “Safe Transport: Security by Design on the Washington Metro” by Nancy G. La Vigne. The publisher’s Lynne Rienner Publishers page for the volume identifies it as Crime Prevention Studies, Volume 6 and gives the publication year as 1997. The chapter’s 163–197 page range is consistent with the citation, though it was not displayed in the inspected primary records. The chapter’s standalone ASU page gives 1996 in its full citation, while the volume publisher gives 1997; for this citation of a chapter in the volume, the publisher’s volume year supports 1997. Verdict: verified.",162.05,94151,904,2,0.003282,0.006,0.009282
"Land, K. C. and G. Deane (1992). On the large-sample estimation of regression models with spatial- or network-effects terms: A two-stage least squares approach. Sociological Methodology 22, 221-248.",journal_article,On the large-sample estimation of regression models with spatial- or network-effects terms: A two-stage least squares approach,"Land, K. C. | Deane, G.",1992,Sociological Methodology,22,,221-248,,,,,,,verified,1.0,On the Large-Sample Estimation of Regression Models with Spatial- Or Network-Effects Terms: A Two-Stage Least Squares Approach,Kenneth C. Land | Glenn Deane,Sociological Methodology,10.2307/270997,https://doi.org/10.2307/270997,crossref_title_static,Verified via static CrossRef title search (score: 1.00),55.91,0,0,0,0.0,0.0,0.0
"Land, K. C., P. L. McCall, and L. E. Cohen (1990). Structural covariates of homicide rates: Are there any invariances across time and social space? The American Journal of Sociology 95 (4), 922-963.",journal_article,Structural covariates of homicide rates: Are there any invariances across time and social space?,"Land, K. C. | McCall, P. L. | Cohen, L. E.",1990,The American Journal of Sociology,95,4,922-963,,,,,,,verified,1.0,Structural Covariates of Homicide Rates: Are There Any Invariances Across Time and Social Space?,Kenneth C. Land | Patricia L. McCall | Lawrence E. Cohen,American Journal of Sociology,10.1086/229381,https://doi.org/10.1086/229381,crossref_title_static,Verified via static CrossRef title search (score: 1.00),55.36,0,0,0,0.0,0.0,0.0
"Langbein, L. I. and A. J. Lichtman (1978). Ecological Inference. Beverly Hills, CA: Sage Publications, Inc.",book,Ecological Inference,"Langbein, L. I. | Lichtman, A. J.",1978,,,,,,0803909411,,"Sage Publications, Inc.",,,verified,1.0,Ecological Inference,Laura Langbein | Allan Lichtman,,10.4135/9781412984003,,crossref_title_static,Verified via static CrossRef title search (score: 1.00),52.73,0,0,0,0.0,0.0,0.0
"Larson, R. C. (1975). What happened to patrol operations in Kansas City? A review of the Kansas City preventive patrol experiment. Journal of Criminal Justice 3 (4), 267-297.",journal_article,What happened to patrol operations in Kansas City? A review of the Kansas City preventive patrol experiment,"Larson, R. C.",1975,Journal of Criminal Justice,3,4,267-297,,,,,,,verified,1.0,What happened to patrol operations in Kansas city? A review of the Kansas city preventive patrol experiment,Richard C. Larson,Journal of Criminal Justice,10.1016/0047-2352(75)90034-3,https://doi.org/10.1016/0047-2352(75)90034-3,crossref_title_static,Verified via static CrossRef title search (score: 1.00),55.39,0,0,0,0.0,0.0,0.0
"Lesage, J. and R. K. Pace (2010). The biggest myth in spatial econometrics. Available at SSRN 1725503 .",working_paper,The biggest myth in spatial econometrics,"Lesage, J. | R. K. Pace",2010,SSRN,,1725503,,,,,,,,verified,1.0,The Biggest Myth in Spatial Econometrics,James P. LeSage | R. Kelley Pace,SSRN Electronic Journal,10.2139/ssrn.1725503,https://doi.org/10.2139/ssrn.1725503,crossref_title_static,Verified via static CrossRef title search (score: 1.00),46.16,0,0,0,0.0,0.0,0.0
"Lesage, J. P. and R. K. Pace (2009). Introduction to spatial econometrics. Boca Raton, FL: CRC Press.",book,Introduction to spatial econometrics,"Lesage, J. P. | R. K. Pace",2009,,,,,,9781420064247,,CRC Press,,,verified,1.0,Introduction to Spatial Econometrics,James LeSage | Robert Kelley Pace,,10.1201/9781420064254,,crossref_title_static,Verified via static CrossRef title search (score: 1.00),46.42,0,0,0,0.0,0.0,0.0
"Levine, N. and K. E. Kim (1998). The location of motor vehicle crashes in Honolulu: A methodology for geocoding intersections. Computers, Environment and Urban Systems 22 (6), 557-576.",journal_article,The location of motor vehicle crashes in Honolulu: A methodology for geocoding intersections,"Levine, N. | K. E. Kim",1998,"Computers, Environment and Urban Systems",22,6,557-576,,,,,,,verified,1.0,The location of motor vehicle crashes in Honolulu: a methodology for geocoding intersections,Ned Levine | Karl E Kim,"Computers, Environment and Urban Systems",10.1016/s0198-9715(98)00034-9,https://doi.org/10.1016/s0198-9715(98)00034-9,crossref_title_static,Verified via static CrossRef title search (score: 1.00),55.16,0,0,0,0.0,0.0,0.0
"Levine, N., M. Wachs, and E. Shirazi (1986). Crime at bus stops: A study of environmental factors. Journal of Architectural and Planning Research 3 (4), 339-361.",journal_article,Crime at bus stops: A study of environmental factors,"Levine, N. | M. Wachs | E. Shirazi",1986,Journal of Architectural and Planning Research,3,4,339-361,,,,,,,not_found,0.72,,,,,,,"The exact-title/author and title/venue searches, plus a coordinates search for Journal of Architectural and Planning Research volume 3, page 339, did not produce an inspectable primary record for this specific article. Search results included secondary citations (for example, Access Magazine and later papers) and Ned Levine's personal website; these cannot establish the work under the direct-evidence rule. The coordinates search did not reveal an affirmative primary record for a conflicting article at those coordinates. The work could not be verified from the available primary-source evidence; this is not evidence that it is fabricated.",166.83,115930,929,5,0.002719,0.0125,0.015219
"Levitt, S. D. (2004). Understanding why crime fell in the 1990s: Four factors that explain the decline and six that do not. The Journal of Economic Perspectives 18 (1), 163-190.",journal_article,Understanding why crime fell in the 1990s: Four factors that explain the decline and six that do not,"Levitt, S. D.",2004,The Journal of Economic Perspectives,18,1,163-190,,,,,,,verified,1.0,Understanding Why Crime Fell in the 1990s: Four Factors that Explain the Decline and Six that Do Not,Steven D Levitt,Journal of Economic Perspectives,10.1257/089533004773563485,https://doi.org/10.1257/089533004773563485,crossref_title_static,Verified via static CrossRef title search (score: 1.00),55.11,0,0,0,0.0,0.0,0.0
"Li, W. and J. D. Radke (2012). Geospatial data integration and modeling for the investigation of urban neighborhood crime. Annals of GIS 18 (3), 185-205.",journal_article,Geospatial data integration and modeling for the investigation of urban neighborhood crime,"Li, W. | J. D. Radke",2012,Annals of GIS,18,3,185-205,,,,,,,verified,1.0,Geospatial data integration and modeling for the investigation of urban neighborhood crime,Weimin Li | John D. Radke,Annals of GIS,10.1080/19475683.2012.691903,https://doi.org/10.1080/19475683.2012.691903,crossref_title_static,Verified via static CrossRef title search (score: 1.00),55.62,0,0,0,0.0,0.0,0.0
"Lipton, R., X. Yang, A. Braga, J. Goldstick, M. Newton, and M. Rura (2013). The geography of violence, alcohol outlets, and drug arrests in Boston. American Journal of Public Health 103 (4), 657-664.",journal_article,"The geography of violence, alcohol outlets, and drug arrests in Boston","Lipton, R. | X. Yang | A. Braga | J. Goldstick | M. Newton | M. Rura",2013,American Journal of Public Health,103,4,657-664,,,,,,,verified,1.0,"The Geography of Violence, Alcohol Outlets, and Drug Arrests in Boston",Robert Lipton | Xiaowen Yang | Anthony A. Braga | Jason Goldstick | Manya Newton | Melissa Rura,American Journal of Public Health,10.2105/ajph.2012.300927,https://doi.org/10.2105/ajph.2012.300927,crossref_title_static,Verified via static CrossRef title search (score: 1.00),55.32,0,0,0,0.0,0.0,0.0
"Livingston, M. (2008). A longitudinal analysis of alcohol outlet density and assault. Alcoholism: Clinical and Experimental Research 32 (6), 1074-1079.",journal_article,A longitudinal analysis of alcohol outlet density and assault,"Livingston, M.",2008,Alcoholism: Clinical and Experimental Research,32,6,1074-1079,,,,,,,verified,1.0,A Longitudinal Analysis of Alcohol Outlet Density and Assault,Michael Livingston,Alcoholism: Clinical and Experimental Research,10.1111/j.1530-0277.2008.00669.x,https://doi.org/10.1111/j.1530-0277.2008.00669.x,crossref_title_static,Verified via static CrossRef title search (score: 1.00),54.96,0,0,0,0.0,0.0,0.0
"Loftin, C. (1986). Assaultive violence as a contagious social process. Bulletin of the New York Academy of Medicine 62 (5), 550-555.",journal_article,Assaultive violence as a contagious social process,"Loftin, C.",1986,Bulletin of the New York Academy of Medicine,62,5,550-555,,,,,,,verified,0.99,ASSAULTIVE VIOLENCE AS A CONTAGIOUS SOCIAL PROCESS,Colin Loftin,Bulletin of the New York Academy of Medicine,,,PubMed Central full-text article PDF,"The primary-source article PDF hosted by PubMed Central identifies Colin Loftin and the cited title. Its page header and issue information show Bulletin of the New York Academy of Medicine, Vol. 62, No. 5, June 1986; the article spans pages 550–555. Title, venue, author, year, volume, issue, and pages match the raw citation. Coordinates corroborated by the inspected primary PDF itself. Source: https://pmc.ncbi.nlm.nih.gov/articles/PMC1629262/pdf/bullnyacadmed00051-0184.pdf",154.42,53881,524,1,0.001251,0.003,0.004251
"Loftin, C. and S. K. Ward (1983). A spatial autocorrelation model of the effects of population density on fertility. American Sociological Review 48 (1), 121-128.",journal_article,A spatial autocorrelation model of the effects of population density on fertility,"Loftin, C. | S. K. Ward",1983,American Sociological Review,48,1,121-128,,,,,,,verified,1.0,A Spatial Autocorrelation Model of the Effects of Population Density on Fertility,Colin Loftin | Sally K. Ward,American Sociological Review,10.2307/2095150,https://doi.org/10.2307/2095150,crossref_title_static,Verified via static CrossRef title search (score: 1.00),55.15,0,0,0,0.0,0.0,0.0
"Long, J. S. (1997). Regression models for categorical and limited dependent variables. Thousand Oaks, CA: Sage Publications.",book,Regression models for categorical and limited dependent variables,"Long, J. S.",1997,,,,,,0803973748,,Sage Publications,,,verified,0.99,Regression models for categorical and limited dependent variables,J. Scott Long,Sage Publications,,,University of Southern Indiana library record,"The book is confirmed by direct bibliographic records: the University of Southern Indiana library record gives the title, author J. Scott Long, publication details “Thousand Oaks : Sage Publications, c1997,” and https://library.usi.edu/record/240352?ln=en; the Leiden University library catalog independently lists the same title, author, Sage, and 1997. The Oxford Academic page also identifies the book title, author R. Scott Long, series, and 1997 publication details, though that page itself is a book review. Title comparison: exact substantive title match. Venue comparison: Sage Publications matches. Author comparison: J. S. Long is the initials form of J. Scott Long. The cited work is therefore the same book and is verified.",140.23,52249,458,1,0.001047,0.003,0.004047
"Long, J. S. and J. Freese (2006). Regression models for categorical dependent variables using Stata. College Station, TX: Stata Press.",book,Regression models for categorical dependent variables using Stata,"Long, J. S. | J. Freese",2006,,,,,,1597180114,,Stata Press,,,verified,0.99,"Regression Models for Categorical Dependent Variables using Stata, 2nd Edition",J. Scott Long | Jeremy Freese,"Stata Press books, StataCorp LLC",,,Stata Press / Stata bookstore; publisher-supplied RePEc bibliographic record,"The official Stata bookstore confirms the same book and authors, while the publisher-supplied RePEc record identifies the 2006 second edition and gives the title as “Regression Models for Categorical Dependent Variables using Stata, 2nd Edition.” The citation omits the edition designation, but its title, authors, publisher, and year identify the 2006 second edition. No substantive discrepancy is established; this is verified.",139.23,67594,482,1,0.002443,0.003,0.005443
"Loukaitou-Sideris, A. (1999). Hot spots of bus stop crime: The importance of environmental attributes. Journal of the American Planning Association 65 (4), 395-411.",journal_article,Hot spots of bus stop crime: The importance of environmental attributes,"Loukaitou-Sideris, A.",1999,Journal of the American Planning Association,65,4,395-411,,,,,,,verified,1.0,Hot Spots of Bus Stop Crime: The Importance of Environmental Attributes,Anastasia Loukaitou-sideris,Journal of the American Planning Association,10.1080/01944369908976070,https://doi.org/10.1080/01944369908976070,crossref_title_static,Verified via static CrossRef title search (score: 1.00),53.91,0,0,0,0.0,0.0,0.0
"Lugo, W. (2008). Alcohol and crime: Beyond density. Security Journal 21 (4), 229-245.",journal_article,Alcohol and crime: Beyond density,"Lugo, W.",2008,Security Journal,21,4,229-245,,,,,,,verified,1.0,Alcohol and Crime: Beyond Density,William Lugo,Security Journal,10.1057/palgrave.sj.8350056,https://doi.org/10.1057/palgrave.sj.8350056,crossref_title_static,Verified via static CrossRef title search (score: 1.00),53.26,0,0,0,0.0,0.0,0.0
"Lum, C. (2008). The geography of drug activity and violence: Analyzing spatial relationships of non-homogenous crime event types. Substance Use & Misuse 43 (2), 179-201.",journal_article,The geography of drug activity and violence: Analyzing spatial relationships of non-homogenous crime event types,"Lum, C.",2008,Substance Use & Misuse,43,2,179-201,,,,,,,verified,1.0,The Geography of Drug Activity and Violence: Analyzing Spatial Relationships of Non-Homogenous Crime Event Types,Cynthia Lum,Substance Use &amp; Misuse,10.1080/10826080701690573,https://doi.org/10.1080/10826080701690573,crossref_title_static,Verified via static CrossRef title search (score: 1.00),52.02,0,0,0,0.0,0.0,0.0
"Lum, C. (2011). Violence, drug markets and racial composition: Challenging stereotypes through spatial analysis. Urban Studies 48 (13), 2715-2732.",journal_article,"Violence, drug markets and racial composition: Challenging stereotypes through spatial analysis","Lum, C.",2011,Urban Studies,48,13,2715-2732,,,,,,,verified,1.0,"Violence, Drug Markets and Racial Composition: Challenging Stereotypes through Spatial Analysis",Cynthia Lum,Urban Studies,10.1177/0042098010388953,https://doi.org/10.1177/0042098010388953,crossref_title_static,Verified via static CrossRef title search (score: 1.00),51.6,0,0,0,0.0,0.0,0.0
"Lum, C., C. S. Koper, and C. W. Telep (2010). The evidence-based policing matrix. Journal of Experimental Criminology 7 (1), 3-26.",journal_article,The evidence-based policing matrix,"Lum, C. | C. S. Koper | C. W. Telep",2010,Journal of Experimental Criminology,7,1,3-26,,,,,,,minor_error,1.0,The Evidence-Based Policing Matrix,Cynthia Lum | Christopher S. Koper | Cody W. Telep,Journal of Experimental Criminology,10.1007/s11292-010-9108-2,https://doi.org/10.1007/s11292-010-9108-2,crossref_title_static,"Verified via static CrossRef title search (score: 1.00) Same work identified, but the citation year (2010) does not match the volume/issue (published-print) year (2011) while volume/article coordinates are present — typically online-first vs issue year; minor_error.",51.41,0,0,0,0.0,0.0,0.0
"Manski, C. F. (1993). Identification of endogenous social effects: The reflection problem. The Review of Economic Studies 60 (3), 531-542.",journal_article,Identification of endogenous social effects: The reflection problem,"Manski, C. F.",1993,The Review of Economic Studies,60,3,531-542,,,,,,,verified,1.0,Identification of Endogenous Social Effects: The Reflection Problem,Charles F. Manski,The Review of Economic Studies,10.2307/2298123,https://doi.org/10.2307/2298123,crossref_title_static,Verified via static CrossRef title search (score: 1.00),51.17,0,0,0,0.0,0.0,0.0
"Massey, D. S. and N. A. Denton (1988). The dimensions of residential segregation. Social Forces 67 (2), 218-315.",journal_article,The dimensions of residential segregation,"Massey, D. S. | Denton, N. A.",1988,Social Forces,67,2,218-315,,,,,,,verified,1.0,The Dimensions of Residential Segregation,Douglas S. Massey | Nancy A. Denton,Social Forces,10.2307/2579183,https://doi.org/10.2307/2579183,crossref_title_static,Verified via static CrossRef title search (score: 1.00),46.71,0,0,0,0.0,0.0,0.0
"Matthews, R. (1992). Developing more effective strategies for curbing prostitution. In R. V. Clarke (Ed.), Rational Choice and Situational Crime Prevention, pp. 89-98. Albany, NY: Harrow and Heston Publishers.",book_chapter,Developing more effective strategies for curbing prostitution,"Matthews, R.",1992,,,,89-98,,,Rational Choice and Situational Crime Prevention,Harrow and Heston Publishers,,,minor_error,0.93,Developing More Effective Strategies for Curbing Prostitution,Roger Matthews,Situational Crime Prevention: Successful Case Studies,,https://popcenter.asu.edu/sites/g/files/litvpz3631/files/library/reading/PDFs/SCP2_front_matter.pdf,"Problem-Oriented Policing Center, official book front matter (PDF)","The cited chapter is identifiable, but the edited-book title in the citation is incorrect. The directly inspected book front matter (official Problem-Oriented Policing Center PDF) gives the title as “Situational Crime Prevention: Successful Case Studies,” edited by Ronald V. Clarke; its contents list “Developing More Effective Strategies for Curbing Prostitution” by Roger Matthews. The cited title “Rational Choice and Situational Crime Prevention” does not match that volume title. The inspected front matter is for the 1997 second edition, where the chapter begins on page 74, so it does not establish the cited 1992 edition’s pagination. Search results also identify a 1992 first edition under “Situational Crime Prevention: Successful Case Studies,” but those references are secondary and were not used as primary confirmation of the 1992 page range. Concrete error: the citation names the wrong edited-book title. Direct source inspected: https://popcenter.asu.edu/sites/g/files/litvpz3631/files/library/reading/PDFs/SCP2_front_matter.pdf",144.1,95034,1070,3,0.002072,0.008,0.010072
"Mayhew, P. (1991). Crime in Public View: Surveillance and Crime Prevention. In P. J. Brantingham and P. L. Brantingham (Eds.), Environmental Criminology, pp. 119-134. Thousand Oaks, CA: Waveland Press.",book_chapter,Crime in Public View: Surveillance and Crime Prevention,"Mayhew, P.",1991,,,,119-134,,,Environmental Criminology,Waveland Press,,,verified,0.96,Crime in public view: surveillance and crime prevention,Pat Mayhew,Environmental criminology,,https://catalogue.nla.gov.au/catalog/1823813,National Library of Australia catalogue,"The chapter is directly listed in the National Library of Australia’s contents record for the 1981 Sage edition, which identifies Pat Mayhew as its author. The United Nations Library catalog directly records Environmental criminology as a Waveland 1991 reissue, previously published by Sage in 1981. A search result for a scholarly article also describes the Mayhew chapter as originally published in 1981 and reprinted by Waveland in 1991. These records support the cited chapter and its 1991 Waveland reissue; however, the consulted primary catalog records do not independently establish the cited chapter page range (119–134). No concrete discrepancy in the citation is established.",137.89,90453,751,3,0.001731,0.008,0.009731
"McCord, E. S. and J. H. Ratcliffe (2007). A micro-spatial analysis of the demographic and criminogenic environment of drug markets in Philadelphia. Australian & New Zealand Journal of Criminology 40 (1), 43-63.",journal_article,A micro-spatial analysis of the demographic and criminogenic environment of drug markets in Philadelphia,"McCord, E. S. | Ratcliffe, J. H.",2007,Australian & New Zealand Journal of Criminology,40,1,43-63,,,,,,,verified,1.0,A Micro-Spatial Analysis of the Demographic and Criminogenic Environment of Drug Markets in Philadelphia,Eric S. McCord | Jerry H. Ratcliffe,Australian &amp; New Zealand Journal of Criminology,10.1375/acri.40.1.43,https://doi.org/10.1375/acri.40.1.43,crossref_title_static,Verified via static CrossRef title search (score: 1.00),30.95,0,0,0,0.0,0.0,0.0
"McCord, E. S. and J. H. Ratcliffe (2009). Intensity value analysis and the criminogenic effects of land use features on local crime patters. Crime Patterns and Analysis 2 (1), 17-30.",journal_article,Intensity value analysis and the criminogenic effects of land use features on local crime patters,"McCord, E. S. | Ratcliffe, J. H.",2009,Crime Patterns and Analysis,2,1,17-30,,,,,,,not_found,0.8,,,,,,web_search,"Direct publisher, outlet archive, registry, or official repository evidence for this work could not be accessed or located. Available evidence was inconclusive or indirect and cannot establish existence or an affirmative conflict; therefore the citation is not_found.",132.32,106413,827,3,0.003291,0.008,0.011291
"McDowall, D., R. McCleary, E. E. Meidinger, and R. A. Hay, Jr. (1980). Interrupted time series analysis. Thousand Oaks, CA: Sage Publications.",book,Interrupted time series analysis,"McDowall, D. | McCleary, R. | Meidinger, E. E. | Hay, R. A., Jr.",1980,,,,,,9780803914933,,Sage Publications,,,verified,1.0,Interrupted Time Series Analysis,David McDowall | Richard McCleary | Errol Meidinger | Richard Hay,,10.4135/9781412984607,,crossref_title_static,Verified via static CrossRef title search (score: 1.00),55.77,0,0,0,0.0,0.0,0.0
"Mears, D. P. and A. S. Bhati (2006). No community is an island: The effects of resource deprivation on urban violence in spatially and socially proximate communities. Criminology 44 (3), 509-548.",journal_article,No community is an island: The effects of resource deprivation on urban violence in spatially and socially proximate communities,"Mears, D. P. | Bhati, A. S.",2006,Criminology,44,3,509-548,,,,,,,verified,1.0,NO COMMUNITY IS AN ISLAND: THE EFFECTS OF RESOURCE DEPRIVATION ON URBAN VIOLENCE IN SPATIALLY AND SOCIALLY PROXIMATE COMMUNITIES*,DANIEL P. MEARS | AVINASH S. BHATI,Criminology,10.1111/j.1745-9125.2006.00056.x,https://doi.org/10.1111/j.1745-9125.2006.00056.x,crossref_title_static,Verified via static CrossRef title search (score: 1.00),31.09,0,0,0,0.0,0.0,0.0
"Messner, S. F., L. Anselin, R. D. Baller, D. F. Hawkins, G. Deane, and S. E. Tolnay (1999). The spatial patterning of county homicide rates: An application of exploratory spatial data analysis. Journal of Quantitative Criminology 15 (4), 423-450.",journal_article,The spatial patterning of county homicide rates: An application of exploratory spatial data analysis,"Messner, S. F. | Anselin, L. | Baller, R. D. | Hawkins, D. F. | Deane, G. | Tolnay, S. E.",1999,Journal of Quantitative Criminology,15,4,423-450,,,,,,,verified,1.0,The Spatial Patterning of County Homicide Rates: An Application of Exploratory Spatial Data Analysis,Steven F. Messner | Luc Anselin | Robert D. Baller | Darnell F. Hawkins | Glenn Deane | Stewart E. Tolnay,Journal of Quantitative Criminology,10.1023/a:1007544208712,https://doi.org/10.1023/a:1007544208712,crossref_title_static,Verified via static CrossRef title search (score: 1.00),43.34,0,0,0,0.0,0.0,0.0
"Messner, S. F., S. Galea, K. J. Tardiff, M. Tracy, A. Bucciarelli, T. M. Piper, V. Frye, and D. Vlahov (2007). Policing, drugs, and the homicide decline in New York City in the 1990s. Criminology 45 (2), 385-414.",journal_article,"Policing, drugs, and the homicide decline in New York City in the 1990s","Messner, S. F. | Galea, S. | Tardiff, K. J. | Tracy, M. | Bucciarelli, A. | Piper, T. M. | Frye, V. | Vlahov, D.",2007,Criminology,45,2,385-414,,,,,,,verified,1.0,"POLICING, DRUGS, AND THE HOMICIDE DECLINE IN NEW YORK CITY IN THE 1990s*",STEVEN F. MESSNER | SANDRO GALEA | KENNETH J. TARDIFF | MELISSA TRACY | ANGELA BUCCIARELLI | TINKA MARKHAM PIPER | VICTORIA FRYE | DAVID VLAHOV,Criminology,10.1111/j.1745-9125.2007.00082.x,https://doi.org/10.1111/j.1745-9125.2007.00082.x,crossref_title_static,Verified via static CrossRef title search (score: 1.00),42.88,0,0,0,0.0,0.0,0.0
"Mohler, G. O., M. B. Short, P. J. Brantingham, F. P. Schoenberg, and G. E. Tita (2011). Self-exciting point process modeling of crime. Journal of the American Statistical Association 106 (493), 100-108.",journal_article,Self-exciting point process modeling of crime,"Mohler, G. O. | Short, M. B. | Brantingham, P. J. | Schoenberg, F. P. | Tita, G. E.",2011,Journal of the American Statistical Association,106,493,100-108,,,,,,,verified,1.0,Self-Exciting Point Process Modeling of Crime,G. O. Mohler | M. B. Short | P. J. Brantingham | F. P. Schoenberg | G. E. Tita,Journal of the American Statistical Association,10.1198/jasa.2011.ap09546,https://doi.org/10.1198/jasa.2011.ap09546,crossref_title_static,Verified via static CrossRef title search (score: 1.00),42.61,0,0,0,0.0,0.0,0.0
"Morenoff, J. D., R. J. Sampson, and S. W. Raudenbush (2001). Neighborhood inequality, collective efficacy, and the spatial dynamics of urban violence. Criminology 39 (3), 517-558.",journal_article,"Neighborhood inequality, collective efficacy, and the spatial dynamics of urban violence","Morenoff, J. D. | Sampson, R. J. | Raudenbush, S. W.",2001,Criminology,39,3,517-558,,,,,,,verified,1.0,"NEIGHBORHOOD INEQUALITY, COLLECTIVE EFFICACY, AND THE SPATIAL DYNAMICS OF URBAN VIOLENCE*",JEFFREY D. MORENOFF | ROBERT J. SAMPSON | STEPHEN W. RAUDENBUSH,Criminology,10.1111/j.1745-9125.2001.tb00932.x,https://doi.org/10.1111/j.1745-9125.2001.tb00932.x,crossref_title_static,Verified via static CrossRef title search (score: 1.00),42.85,0,0,0,0.0,0.0,0.0
"Mundlak, Y. (1978). On the pooling of time series and cross section data. Econometrica 46 (1), 69-85.",journal_article,On the pooling of time series and cross section data,"Mundlak, Y.",1978,Econometrica,46,1,69-85,,,,,,,verified,1.0,On the Pooling of Time Series and Cross Section Data,Yair Mundlak,Econometrica,10.2307/1913646,https://doi.org/10.2307/1913646,crossref_title_static,Verified via static CrossRef title search (score: 1.00),42.68,0,0,0,0.0,0.0,0.0
"Murray, R. K. and D. W. Roncek (2008). Measuring diffusion of assaults around bars through radius and adjacency techniques. Criminal Justice Review 33 (2), 199-220.",journal_article,Measuring diffusion of assaults around bars through radius and adjacency techniques,"Murray, R. K. | Roncek, D. W.",2008,Criminal Justice Review,33,2,199-220,,,,,,,verified,1.0,Measuring Diffusion of Assaults Around Bars Through Radius and Adjacency Techniques,Rebecca K. Murray | Dennis W. Roncek,Criminal Justice Review,10.1177/0734016808316777,https://doi.org/10.1177/0734016808316777,crossref_title_static,Verified via static CrossRef title search (score: 1.00),42.87,0,0,0,0.0,0.0,0.0
"Negreiros, J. a. G., M. O. T. Painho, F. J. Aguilar, and M. A. Aguilar (2010). A comprehensive framework for exploratory spatial data analysis: Moran location and variance scatterplots. International Journal of Digital Earth 3 (2), 157-186.",journal_article,A comprehensive framework for exploratory spatial data analysis: Moran location and variance scatterplots,"Negreiros, J. a. G. | Painho, M. O. T. | Aguilar, F. J. | Aguilar, M. A.",2010,International Journal of Digital Earth,3,2,157-186,,,,,,,verified,1.0,A comprehensive framework for exploratory spatial data analysis: Moran location and variance scatterplots,J.G. Negreiros | M.T. Painho | F.J. Aguilar | M.A. Aguilar,International Journal of Digital Earth,10.1080/17538940903253898,https://doi.org/10.1080/17538940903253898,crossref_title_static,Verified via static CrossRef title search (score: 1.00),43.22,0,0,0,0.0,0.0,0.0
"Newman, G. (1997). Introduction: Towards a Theory of Situational Crime Prevention. In G. Newman, R. V. Clarke, and S. G. Shoham (Eds.), Rational Choice and Situational Crime Prevention, pp. 1-24. Brookfield, Vermont: Ashgate Publishing.",book_chapter,Introduction: Towards a Theory of Situational Crime Prevention,"Newman, G.",1997,,,,1-24,,,Rational Choice and Situational Crime Prevention,Ashgate Publishing,,,verified,0.98,Introduction: Towards a Theory of Situational Crime Prevention,Graeme Newman,Rational Choice and Situational Crime Prevention: Theoretical Foundations,,,Routledge publisher page and publisher-hosted book preview,"Primary-source verification: the publisher’s Routledge book page identifies the 1997 book, lists its table of contents, and names the introduction by Graeme Newman. The publisher-hosted book preview identifies the editors, states that it was first published in 1997 by Ashgate Publishing, and reproduces the chapter title and author; its contents place the chapter at page 1 and the following chapter at page 25, consistent with the cited pp. 1–24. The raw citation’s chapter title, author, year, book, editors, and publisher match. Search result and visited publisher page: https://www.routledge.com/Rational-Choice-and-Situational-Crime-Prevention-Theoretical-Foundations/Newman-Clarke/p/book/9781855219472. Visited publisher-hosted preview: https://api.pageplace.de/preview/DT0400.9781351906777_A30906633/preview-9781351906777_A30906633.pdf.",116.08,64301,686,1,0.003733,0.003,0.006733
"Newman, G., R. V. Clarke, and S. G. Shoham (1997). Rational Choice and Situational Crime Prevention. Brookfield, Vermont: Ashgate Publishing.",book,Rational Choice and Situational Crime Prevention,"Newman, G. | Clarke, R. V. | Shoham, S. G.",1997,,,,,,1855219476,,Ashgate Publishing,,,verified,0.98,Rational Choice and Situational Crime Prevention: Theoretical Foundations,Graeme Newman | Ronald V. Clarke | S. Giora Shoham,Ashgate,,,Taylor & Francis / PagePlace publisher-distributed book preview; corroborated by UNOV library catalog,"Verified against direct bibliographic evidence. The publisher-distributed Taylor & Francis/PagePlace book preview (https://api.pageplace.de/preview/DT0400.9781351906777_A30906633/preview-9781351906777_A30906633.pdf) gives the title and subtitle, names editors Graeme Newman, Ronald V. Clarke, and S. Giora Shoham, and states “First published 1997 by Ashgate Publishing.” A separate UNOV library catalog record lists the title, these editors, and the imprint “Aldershot : Ashgate c1997.” The citation omits the subtitle “Theoretical Foundations,” but its title, editor identities, publisher, and year identify the same book; this is treated as a short-title form, not a substantive error. ISBN shown in the preview: 978-1-85521-947-2.",112.23,94844,744,2,0.002719,0.0055,0.008219
"Newman, O. (1972). Defensible Space: Crime Prevention Through Urban Design. New York, NY: Macmillan.",book,Defensible Space: Crime Prevention Through Urban Design,"Newman, O.",1972,,,,,,9780020007500,,Macmillan,,,verified,0.99,Defensible Space: Crime Prevention Through Urban Design,Oscar Newman,Macmillan,,,Google Books bibliographic record,"Direct bibliographic evidence: the Google Books record identifies Oscar Newman, the cited title, Macmillan, and 1972 (264 pages). Cambridge Core also independently records a contemporary review describing Newman’s book as published by The Macmillan Company in 1972. Title, publisher, author, and year match the raw citation; no substantive error found. ISBN shown in the Google Books record: 9780020007500.",89.21,51591,504,1,0.001016,0.003,0.004016
"Oakes, J. M. (2004). The (mis)estimation of neighborhood effects: Causal inference for a practicable social epidemiology. Social Sciences & Medicine 58 (10), 1929-1952.",journal_article,The (mis)estimation of neighborhood effects: Causal inference for a practicable social epidemiology,"Oakes, J. M.",2004,Social Sciences & Medicine,58,10,1929-1952,,,,,,,verified,1.0,The (mis)estimation of neighborhood effects: causal inference for a practicable social epidemiology,J.Michael Oakes,Social Science &amp; Medicine,10.1016/j.socscimed.2003.08.004,https://doi.org/10.1016/j.socscimed.2003.08.004,crossref_title_static,Verified via static CrossRef title search (score: 1.00),43.04,0,0,0,0.0,0.0,0.0
"Oberwittler, D. and P. H. Wikstrom (2009). Why small is better: Advancing the study of the role of behavioral contexts in crime causation. In D. Weisburd, W. Bernasco, and G. J. N. Bruinsma (Eds.), Putting Crime in its Place: Units of Analysis in Geographic Criminology, pp. 35-59. New York, NY: Springer.",book_chapter,Why small is better: Advancing the study of the role of behavioral contexts in crime causation,"Oberwittler, D. | Wikstrom, P. H.",2009,,,,35-59,,,Putting Crime in its Place: Units of Analysis in Geographic Criminology,Springer,,,verified,1.0,Why Small Is Better: Advancing the Study of the Role of Behavioral Contexts in Crime Causation,Dietrich Oberwittler | Per-Olof H. Wikström,Putting Crime in its Place,10.1007/978-0-387-09688-9_2,https://doi.org/10.1007/978-0-387-09688-9_2,crossref_title_static,Verified via static CrossRef title search (score: 1.00),38.55,0,0,0,0.0,0.0,0.0
"Oppenshaw, S. (1984). The Modifiable Areal Unit Problem. Norwich: Geo Books.",book,The Modifiable Areal Unit Problem,"Oppenshaw, S.",1984,,,,,,,,Geo Books,,,minor_error,0.91,The modifiable areal unit problem,Stan Openshaw,Geo Books,,,Open Library edition record,"The Open Library edition record directly identifies the book as The modifiable areal unit problem, by Stan Openshaw, published by Geo Books, and gives the edition year as 1983 (ISBN 0860941345). A separate search result for a repository page reproduces a common 1984 citation, but its linked PDF could not be retrieved, so I rely on the catalog for the matched year. The concrete error in the raw citation is the author surname spelling: “Oppenshaw” instead of “Openshaw.”",83.77,88270,827,2,0.001591,0.006,0.007591
"Osgood, D. W. (2000). Poisson-based regression analysis of aggregate crime rates. Journal of Quantitative Criminology 16 (1), 21-43.",journal_article,Poisson-based regression analysis of aggregate crime rates,"Osgood, D. W.",2000,Journal of Quantitative Criminology,16,1,21-43,,,,,,,verified,1.0,Poisson-Based Regression Analysis of Aggregate Crime Rates,D. Wayne Osgood,Journal of Quantitative Criminology,10.1023/a:1007521427059,https://doi.org/10.1023/a:1007521427059,crossref_title_static,Verified via static CrossRef title search (score: 1.00),42.96,0,0,0,0.0,0.0,0.0
"Osgood, D. W. and J. M. Chambers (2000). Social disorganization outside the metropolis: An analysis of rural youth violence. Criminology 38 (1), 81-116.",journal_article,Social disorganization outside the metropolis: An analysis of rural youth violence,"Osgood, D. W. | Chambers, J. M.",2000,Criminology,38,1,81-116,,,,,,,verified,1.0,SOCIAL DISORGANIZATION OUTSIDE THE METROPOLIS: AN ANALYSIS OF RURAL YOUTH VIOLENCE*,D. WAYNE OSGOOD | JEFF M. CHAMBERS,Criminology,10.1111/j.1745-9125.2000.tb00884.x,https://doi.org/10.1111/j.1745-9125.2000.tb00884.x,crossref_title_static,Verified via static CrossRef title search (score: 1.00),42.72,0,0,0,0.0,0.0,0.0
"Ostrom, Jr., C. W. (1990). Time series analysis: Regression techniques. Newbury Park, CA: Sage Publications.",book,Time series analysis: Regression techniques,"Ostrom, Jr., C. W.",1990,,,,,,,,Sage Publications,,,verified,0.99,Time series analysis : regression techniques,"Charles W. Ostrom, Jr.",Sage Publications,,https://librarycatalog.ecu.edu/catalog/393742,ECU Libraries catalog,"Verified against the ECU Libraries catalog record, which identifies the book as the second edition, published by Sage Publications in 1990, and names Charles W. Ostrom, Jr. The cited title and author match; differences are only capitalization/punctuation. The catalog’s publication location spelling is “Newberry Park,” while the citation says “Newbury Park”; this is a location spelling discrepancy, not a different work or publisher. Direct source: https://librarycatalog.ecu.edu/catalog/393742. The separate 1978 record is an earlier edition, not the cited 1990 edition.",75.3,53350,525,1,0.001151,0.003,0.004151
"Papachristos, A. V., C. M. Smith, M. L. Scherer, and M. A. Fugiero (2011). More coffee, less crime? The relationship between gentrification and neighborhood crime rates in Chicago, 1991 to 2005. City & Community 10 (3), 215-240.",journal_article,"More coffee, less crime? The relationship between gentrification and neighborhood crime rates in Chicago, 1991 to 2005","Papachristos, A. V. | Smith, C. M. | Scherer, M. L. | Fugiero, M. A.",2011,City & Community,10,3,215-240,,,,,,,verified,1.0,"More Coffee, Less Crime? The Relationship between Gentrification and Neighborhood Crime Rates in Chicago, 1991 to 2005",Andrew V. Papachristos | Chris M. Smith | Mary L. Scherer | Melissa A. Fugiero,City &amp; Community,10.1111/j.1540-6040.2011.01371.x,https://doi.org/10.1111/j.1540-6040.2011.01371.x,crossref_title_static,Verified via static CrossRef title search (score: 1.00),42.4,0,0,0,0.0,0.0,0.0
"Paternoster, R., R. Brame, P. Mazerolle, and A. Piquero (1998). Using the correct statistical test for the equality of regression coefficients. Criminology 36 (4), 859-866.",journal_article,Using the correct statistical test for the equality of regression coefficients,"Paternoster, R. | Brame, R. | Mazerolle, P. | Piquero, A.",1998,Criminology,36,4,859-866,,,,,,,verified,1.0,USING THE CORRECT STATISTICAL TEST FOR THE EQUALITY OF REGRESSION COEFFICIENTS,RAYMOND PATERNOSTER | ROBERT BRAME | PAUL MAZEROLLE | ALEX PIQUERO,Criminology,10.1111/j.1745-9125.1998.tb01268.x,https://doi.org/10.1111/j.1745-9125.1998.tb01268.x,crossref_title_static,Verified via static CrossRef title search (score: 1.00),42.76,0,0,0,0.0,0.0,0.0
"Patuelli, R., D. A. Griffith, M. Tiefelsdorf, and P. Nijkamp (2011). Spatial filtering and eigenvector stability: Space-time models for German unemployment data. International Regional Science Review 34 (2), 253-280.",journal_article,Spatial filtering and eigenvector stability: Space-time models for German unemployment data,"Patuelli, R. | Griffith, D. A. | Tiefelsdorf, M. | Nijkamp, P.",2011,International Regional Science Review,34,2,253-280,,,,,,,verified,1.0,Spatial Filtering and Eigenvector Stability: Space-Time Models for German Unemployment Data,Roberto Patuelli | Daniel A. Griffith | Michael Tiefelsdorf | Peter Nijkamp,International Regional Science Review,10.1177/0160017610386482,https://doi.org/10.1177/0160017610386482,crossref_title_static,Verified via static CrossRef title search (score: 1.00),43.2,0,0,0,0.0,0.0,0.0
"Pearl, J. (2000). Causality: models, reasoning and inference, Volume 29. Cambridge Univ Press.",book,"Causality: models, reasoning and inference","Pearl, J.",2000,,29,,,,,,Cambridge Univ Press,,,minor_error,0.94,"Causality: Models, Reasoning, and Inference",Judea Pearl,Cambridge University Press,,,Cambridge University Press,"Cambridge University Press’s own front matter confirms the title, author, publisher, and first-publication year (2000). It identifies the ISBN but does not designate the book as Volume 29. The citation’s unsupported “Volume 29” is the discrepancy; the underlying book is confirmed. Sources inspected: https://assets.cambridge.org/97805217/73621/frontmatter/9780521773621_frontmatter.pdf and Cambridge Core’s publisher-hosted book review record, which identifies Pearl’s Cambridge University Press book published in 2000: https://www.cambridge.org/core/journals/econometric-theory/article/abs/causality-models-reasoning-and-inference-by-judea-pearl-cambridge-university-press-2000/DA2D9ABB0AD3DAC95AE7B3081FCDF139.",80.45,74802,884,2,0.001688,0.0055,0.007188
"Perkins, D. D., A. Wandersman, R. C. Rich, and R. B. Taylor (1993). The physical environment of street crime: Defensible space, territoriality and incivilities. Journal of Environmental Pyschology 13 (1), 29-49.",journal_article,"The physical environment of street crime: Defensible space, territoriality and incivilities","Perkins, D. D. | Wandersman, A. | Rich, R. C. | Taylor, R. B.",1993,Journal of Environmental Pyschology,13,1,29-49,,,,,,,verified,1.0,"The physical environment of street crime: Defensible space, territoriality and incivilities",Douglas D. Perkins | Abraham Wandersman | Richard C. Rich | Ralph B. Taylor,Journal of Environmental Psychology,10.1016/s0272-4944(05)80213-0,https://doi.org/10.1016/s0272-4944(05)80213-0,crossref_title_static,Verified via static CrossRef title search (score: 1.00),42.35,0,0,0,0.0,0.0,0.0
"Peterson, R. D. and L. J. Krivo (2009). Segregated spatial locations, race-ethnic composition, and neighborhood violent crime. The Annals of the American Academy of Political and Social Science 623 (1), 93-107.",journal_article,"Segregated spatial locations, race-ethnic composition, and neighborhood violent crime","Peterson, R. D. | Krivo, L. J.",2009,The Annals of the American Academy of Political and Social Science,623,1,93-107,,,,,,,verified,1.0,"Segregated Spatial Locations, Race-Ethnic Composition, and Neighborhood Violent Crime",Ruth D. Peterson | Lauren J. Krivo,The ANNALS of the American Academy of Political and Social Science,10.1177/0002716208330490,https://doi.org/10.1177/0002716208330490,crossref_title_static,Verified via static CrossRef title search (score: 1.00),41.83,0,0,0,0.0,0.0,0.0
"Pirkis, J., M. J. Spittal, G. Cox, J. Robinson, Y. T. Cheung, and D. Studdert (2013). The effectiveness of structural interventions at suicide hotspots: A meta-analysis. International Journal of Epidemiology 42 (2), 541-548.",journal_article,The effectiveness of structural interventions at suicide hotspots: A meta-analysis,"Pirkis, J. | Spittal, M. J. | Cox, G. | Robinson, J. | Cheung, Y. T. | Studdert, D.",2013,International Journal of Epidemiology,42,2,541-548,,,,,,,verified,1.0,The effectiveness of structural interventions at suicide hotspots: a meta-analysis,Jane Pirkis | Matthew J Spittal | Georgina Cox | Jo Robinson | Yee Tak Derek Cheung | David Studdert,International Journal of Epidemiology,10.1093/ije/dyt021,https://doi.org/10.1093/ije/dyt021,crossref_title_static,Verified via static CrossRef title search (score: 1.00),41.97,0,0,0,0.0,0.0,0.0
"Platt, J. R. (1964). Strong inference. Science 146 (3642), 347-353.",journal_article,Strong inference,"Platt, J. R.",1964,Science,146,3642,347-353,,,,,,,verified,0.99,Strong Inference,John R. Platt,Science,10.1126/science.146.3642.347,https://www.science.org/doi/10.1126/science.146.3642.347,Science (publisher page),"The Science publisher page directly identifies the article as “Strong Inference,” by John R. Platt, in Science 146, pages 347–353 (1964), with DOI 10.1126/science.146.3642.347. The publisher page also gives the publication date as 16 October 1964. Title, venue, author, year, volume, issue, and page range match the citation. The cited “J. R.” is an initials-form match for the publisher’s “John R.”",135.17,54235,410,1,0.001177,0.003,0.004177
"Poulsen, E. and L. W. Kennedy (2004). Using dasymetric mapping for spatially aggregated crime data. Journal of Quantitative Criminology 20 (3), 243-262.",journal_article,Using dasymetric mapping for spatially aggregated crime data,"Poulsen, E. | Kennedy, L. W.",2004,Journal of Quantitative Criminology,20,3,243-262,,,,,,,verified,1.0,Using Dasymetric Mapping for Spatially Aggregated Crime Data,Erika Poulsen | Leslie W. Kennedy,Journal of Quantitative Criminology,10.1023/b:joqc.0000037733.74321.14,https://doi.org/10.1023/b:joqc.0000037733.74321.14,crossref_title_static,Verified via static CrossRef title search (score: 1.00),42.24,0,0,0,0.0,0.0,0.0
"Pratt, T. C. and F. T. Cullen (2005). Assessing macro-level predictors and theories of crime: A meta-analysis. Crime and Justice 32, 373-450.",journal_article,Assessing macro-level predictors and theories of crime: A meta-analysis,"Pratt, T. C. | Cullen, F. T.",2005,Crime and Justice,32,,373-450,,,,,,,verified,1.0,Assessing Macro-Level Predictors and Theories of Crime: A Meta-Analysis,Travis C. Pratt | Francis T. Cullen,Crime and Justice,10.1086/655357,https://doi.org/10.1086/655357,crossref_title_static,Verified via static CrossRef title search (score: 1.00),42.27,0,0,0,0.0,0.0,0.0
"Preacher, K. J. and A. F. Hayes (2004). SPSS and SAS procedures for estimating indirect effects in simple mediation models. Behavior Research Methods, Instruments, & Computers 36 (4), 717-731.",journal_article,SPSS and SAS procedures for estimating indirect effects in simple mediation models,"Preacher, K. J. | Hayes, A. F.",2004,"Behavior Research Methods, Instruments, & Computers",36,4,717-731,,,,,,,verified,1.0,SPSS and SAS procedures for estimating indirect effects in simple mediation models,Kristopher J. Preacher | Andrew F. Hayes,"Behavior Research Methods, Instruments, &amp; Computers",10.3758/bf03206553,https://doi.org/10.3758/bf03206553,crossref_title_static,Verified via static CrossRef title search (score: 1.00),42.34,0,0,0,0.0,0.0,0.0
"Pridemore, W. A. and T. H. Grubesic (2012). A spatial analysis of the moderating effects of land use on the association between alcohol outlet density and violence in urban areas. Drug and Alcohol Review 31 (4), 385-393.",journal_article,A spatial analysis of the moderating effects of land use on the association between alcohol outlet density and violence in urban areas,"Pridemore, W. A. | Grubesic, T. H.",2012,Drug and Alcohol Review,31,4,385-393,,,,,,,verified,1.0,A spatial analysis of the moderating effects of land use on the association between alcohol outlet density and violence in urban areas,WILLIAM ALEX PRIDEMORE | TONY H. GRUBESIC,Drug and Alcohol Review,10.1111/j.1465-3362.2011.00329.x,https://doi.org/10.1111/j.1465-3362.2011.00329.x,crossref_title_static,Verified via static CrossRef title search (score: 1.00),42.22,0,0,0,0.0,0.0,0.0
"Pridemore, W. A. and T. H. Grubesic (2013). Alcohol outlets and community levels of interpersonal violence: Spatial density, outlet type, and seriousness of assault. Journal of Research in Crime and Delinquency 50 (1), 132-159.",journal_article,"Alcohol outlets and community levels of interpersonal violence: Spatial density, outlet type, and seriousness of assault","Pridemore, W. A. | Grubesic, T. H.",2013,Journal of Research in Crime and Delinquency,50,1,132-159,,,,,,,verified,0.98,"Alcohol Outlets and Community Levels of Interpersonal Violence: Spatial Density, Outlet Type, and Seriousness of Assault",William Alex Pridemore | Tony H. Grubesic,Journal of Research in Crime and Delinquency,10.1177/0022427810397952,https://journals.sagepub.com/doi/10.1177/0022427810397952,SAGE Journals (publisher),"Verified against the SAGE publisher article page, which lists the authors, journal, and issue publication date of February 2013; the official U.S. Department of Justice NCJRS record gives the full title and confirms volume 50, issue 1, pages 132–159. SAGE notes the article first appeared online in 2011, but the cited 2013 year matches the print issue year for the cited volume and pages.",124.64,54023,638,1,0.002684,0.003,0.005684
"Radil, S. M., C. Flint, and G. E. Tita (2010). Spatializing social networks: Using social network analysis to investigate geographies of gang rivalry, territoriality, and violence in Los Angeles. Annals of the Association of American Geographers 100 (2), 307-326.",journal_article,"Spatializing social networks: Using social network analysis to investigate geographies of gang rivalry, territoriality, and violence in Los Angeles","Radil, S. M. | Flint, C. | Tita, G. E.",2010,Annals of the Association of American Geographers,100,2,307-326,,,,,,,verified,1.0,"Spatializing Social Networks: Using Social Network Analysis to Investigate Geographies of Gang Rivalry, Territoriality, and Violence in Los Angeles",Steven M. Radil | Colin Flint | George E. Tita,Annals of the Association of American Geographers,10.1080/00045600903550428,https://doi.org/10.1080/00045600903550428,crossref_title_static,Verified via static CrossRef title search (score: 1.00),53.5,0,0,0,0.0,0.0,0.0
"Ratcliffe, J. H. (2012). The spatial extent of criminogenic places: A changepoint regression of violence around bars. Geographical Analysis 44 (4), 302-320.",journal_article,The spatial extent of criminogenic places: A changepoint regression of violence around bars,"Ratcliffe, J. H.",2012,Geographical Analysis,44,4,302-320,,,,,,,verified,1.0,The Spatial Extent of Criminogenic Places: A Changepoint Regression of Violence around Bars,Jerry H. Ratcliffe,Geographical Analysis,10.1111/j.1538-4632.2012.00856.x,https://doi.org/10.1111/j.1538-4632.2012.00856.x,crossref_title_static,Verified via static CrossRef title search (score: 1.00),53.7,0,0,0,0.0,0.0,0.0
"Ratcliffe, J. H. and T. A. Taniguchi (2008). Is crime high around drug-gang street corners?: Two spatial approaches to the relationship between gang set spaces and local crime levels. Crime Patterns and Analysis 1 (1), 23-46.",journal_article,Is crime high around drug-gang street corners?: Two spatial approaches to the relationship between gang set spaces and local crime levels,"Ratcliffe, J. H. | Taniguchi, T. A.",2008,Crime Patterns and Analysis,1,1,23-46,,,,,,,minor_error,0.99,Is Crime Higher Around Drug-Gang Street Corners?: Two Spatial Approaches To The Relationship Between Gang Set Spaces And Local Crime Levels,Jerry H. Ratcliffe | Travis A. Taniguchi,Crime Patterns and Analysis,,https://ttaniguchi.net/wp-content/uploads/2014/08/Ratcliffe-Taniguchi-2008-Is-crime-higher-around-drug-gang-corners.pdf,Article PDF hosted on Travis Taniguchi’s website,"The directly inspected article PDF identifies the work as volume 1, number 1, beginning on page 23, and names Ratcliffe and Taniguchi. Its title says “Is Crime Higher,” whereas the citation says “Is crime high.” This is a word-level title mismatch, so the same work is identified but the citation has a minor title error. The author’s publication listing also gives the article in Crime Patterns & Analysis, 1(1), 23–46. The required coordinates search (journal, volume 1, page 23) was run; results included the article PDF, whose first page confirms the article at page 23. Direct PDF source inspected: https://ttaniguchi.net/wp-content/uploads/2014/08/Ratcliffe-Taniguchi-2008-Is-crime-higher-around-drug-gang-corners.pdf",145.42,100301,821,2,0.003049,0.0055,0.008549
"Ratcliffe, J. H., T. A. Taniguchi, and E. R. Groff (2011). The Philadelphia foot patrol experiment: A randomized controlled trial of police patrol effectiveness in violent crime hotspots. Criminology 49 (3), 795-831.",journal_article,The Philadelphia foot patrol experiment: A randomized controlled trial of police patrol effectiveness in violent crime hotspots,"Ratcliffe, J. H. | Taniguchi, T. A. | Groff, E. R.",2011,Criminology,49,3,795-831,,,,,,,verified,0.99,THE PHILADELPHIA FOOT PATROL EXPERIMENT: A RANDOMIZED CONTROLLED TRIAL OF POLICE PATROL EFFECTIVENESS IN VIOLENT CRIME HOTSPOTS*,JERRY H. RATCLIFFE | TRAVIS TANIGUCHI | ELIZABETH R. GROFF | JENNIFER D. WOOD,Criminology,10.1111/j.1745-9125.2011.00240.x,https://doi.org/10.1111/j.1745-9125.2011.00240.x,crossref_title_static,Verified via static CrossRef title search (score: 0.99),52.33,0,0,0,0.0,0.0,0.0
"Ratcliffe, J. H., T. Taniguchi, and R. B. Taylor (2009). The crime reduction effects of public cctv cameras: A multi-method spatial approach. Justice Quarterly 26 (4), 746-770.",journal_article,The crime reduction effects of public cctv cameras: A multi-method spatial approach,"Ratcliffe, J. H. | Taniguchi, T. | Taylor, R. B.",2009,Justice Quarterly,26,4,746-770,,,,,,,verified,1.0,The Crime Reduction Effects of Public CCTV Cameras: A Multi‐Method Spatial Approach,Jerry H. Ratcliffe | Travis Taniguchi | Ralph B. Taylor,Justice Quarterly,10.1080/07418820902873852,https://doi.org/10.1080/07418820902873852,crossref_title_static,Verified via static CrossRef title search (score: 1.00),52.6,0,0,0,0.0,0.0,0.0
"Raudenbush, S. W. and R. J. Sampson (1999). Ecometrics: Toward a science of assessing ecological settings, with application to the systematic social observation of neighborhoods. Sociological Methodology 29, 1-41.",journal_article,"Ecometrics: Toward a science of assessing ecological settings, with application to the systematic social observation of neighborhoods","Raudenbush, S. W. | Sampson, R. J.",1999,Sociological Methodology,29,,1-41,,,,,,,verified,0.9954545454545454,"1. Ecometrics: Toward a Science of Assessing Ecological Settings, with Application to the Systematic Social Observation of Neighborhoods",Stephen W. Raudenbush | Robert J. Sampson,Sociological Methodology,10.1111/0081-1750.00059,https://doi.org/10.1111/0081-1750.00059,crossref_title_static,Verified via static CrossRef title search (score: 1.00),53.15,0,0,0,0.0,0.0,0.0
"Rengert, G. F. (1996). The Geography of Illegal Drugs. Boulder, CO: Westview Press.",book,The Geography of Illegal Drugs,"Rengert, G. F.",1996,,,,,,0813389860,,Westview Press,,,verified,0.98,The Geography Of Illegal Drugs,George F. Rengert,Routledge,,,Routledge,"Direct publisher evidence: Routledge’s book page identifies the title, George F. Rengert, and 1st Edition; publisher-linked book metadata/search evidence gives copyright © 1996. The raw citation’s Westview Press imprint and Boulder location are consistent with contemporary 1996 book records, while Routledge is the current publisher page. Title, author, year, and original publisher information match; no concrete citation error found. ISBN 9780813389868 (also associated with the 1996 Westview edition).",75.98,88991,647,3,0.002933,0.008,0.010933
"Rengert, G. F. (2004). The journey to crime. In G. Bruinsma, H. Elffers, and J. W. de Keijser (Eds.), Punishment, places and perpetrators: Developments in criminology and criminal justice research, pp. 169-181. Portland, OR: Willan Publishing.",book_chapter,The journey to crime,"Rengert, G. F.",2004,,,,169-181,,,"Punishment, places and perpetrators: Developments in criminology and criminal justice research",Willan Publishing,,,not_found,0.83,The journey to crime,G. F. Rengert,"Punishment, Places and Perpetrators",,https://www.practitionerbooks.com/punishment-places-and-perpetrators-hardback-9781843920601,Publisher product page (Taylor & Francis / Willan imprint),"The publisher’s product page (visited directly) confirms the edited book’s title, 2004 publication, Willan Publishing imprint, editors, and a contents entry titled “The journey to crime.” Its contents and the independent catalogue-like search evidence associate this chapter with pages 169–181, but the publisher page does not itself name the chapter author or show its page range. The author/page details are repeated in later works’ references, which are secondary evidence and cannot alone establish the complete chapter citation under the direct-evidence rule. No concrete conflict was found; the chapter is identifiable, but the cited author and page range are not fully confirmed by a direct chapter-level record.",84.95,95804,722,3,0.001862,0.008,0.009862
"Reynald, D. M. and H. Elffers (2009). The future of Newman’s Defensible Space Theory. European Journal of Criminology 6 (1), 25-46.",journal_article,The future of Newman’s Defensible Space Theory,"Reynald, D. M. | Elffers, H.",2009,European Journal of Criminology,6,1,25-46,,,,,,,minor_error,0.99,The Future of Newman's Defensible Space Theory - Linking Defensible Space and the Routine Activities of Place,Danielle M. Reynald | Henk Elffers,European Journal of Criminology,10.1177/1477370808098103,https://journals.sagepub.com/doi/10.1177/1477370808098103,SAGE Journals,"The SAGE publisher article page identifies the article by Danielle M. Reynald and Henk Elffers, gives DOI 10.1177/1477370808098103, and states it appeared in European Journal of Criminology, issue published January 2009. Its displayed full title adds the subtitle “Linking Defensible Space and the Routine Activities of Place,” which the citation omits; this is a title-shortening/content difference. The article record and the volume/page coordinates are corroborated in search results, which report volume 6, issue 1, pages 25–46. Title comparison: same article, but cited title is shortened. Venue comparison: exact journal. Author comparison: both authors match. Same underlying work; status minor_error for omitted subtitle.",120.52,52082,542,1,0.001102,0.003,0.004102
"Ridgeway, G. (2006). Assessing the effect of race bias in post-traffic stop outcomes using propensity scores. Journal of Quantitative Criminology 22 (1), 1-29.",journal_article,Assessing the effect of race bias in post-traffic stop outcomes using propensity scores,"Ridgeway, G.",2006,Journal of Quantitative Criminology,22,1,1-29,,,,,,,verified,1.0,Assessing the Effect of Race Bias in Post-traffic Stop Outcomes Using Propensity Scores,Greg Ridgeway,Journal of Quantitative Criminology,10.1007/s10940-005-9000-9,https://doi.org/10.1007/s10940-005-9000-9,crossref_title_static,Verified via static CrossRef title search (score: 1.00),52.82,0,0,0,0.0,0.0,0.0
"Ridgeway, G. (2007). Analysis of racial disparities in the New York Police Department’s stop, question, and frisk practices. Santa Monica, CA: Rand Coorporation.",book,"Analysis of racial disparities in the New York Police Department’s stop, question, and frisk practices","Ridgeway, G.",2007,,,,,,9780833045157,,Rand Coorporation,,,minor_error,0.99,"Analysis of Racial Disparities in the New York Police Department's Stop, Question, and Frisk Practices",Greg Ridgeway,RAND Corporation,,,RAND Corporation,"Verified against RAND’s official report page and its report PDF. RAND identifies Greg Ridgeway as the author and states that the report was published in 2007 by the RAND Corporation in Santa Monica, California. The cited title, author, year, and publisher match; “Coorporation” in the raw citation is a spelling error for “Corporation,” so the status is minor_error. Direct sources: https://www.rand.org/pubs/technical_reports/TR534.html and https://www.rand.org/content/dam/rand/pubs/technical_reports/2007/RAND_TR534.sum.pdf.",55.66,59857,470,1,0.001716,0.003,0.004716
"Robinson, W. S. (1950). Ecological correlations and the behavior of individuals. American Sociological Review 15 (3), 351-357.",journal_article,Ecological correlations and the behavior of individuals,"Robinson, W. S.",1950,American Sociological Review,15,3,351-357,,,,,,,verified,1.0,Ecological Correlations and the Behavior of Individuals,W. S. Robinson,American Sociological Review,10.2307/2087176,https://doi.org/10.2307/2087176,crossref_title_static,Verified via static CrossRef title search (score: 1.00),53.02,0,0,0,0.0,0.0,0.0
"Roethlisberger, F. J. (2001). The Hawthorne Experiments. In W. E. Natemeyer and J. T. M. (Eds.), Classics of Organizational Behavior, pp. 29-40. Long Grove, IL: Waveland Press.",book_chapter,The Hawthorne Experiments,"Roethlisberger, F. J.",2001,,,,29-40,,,Classics of Organizational Behavior,Waveland Press,,,minor_error,0.98,The Hawthorne Experiments,Fritz J. Roethlisberger,Classics of Organizational Behavior,,,Waveland Press; Miami University eCampus book record,"Direct book/publisher metadata is confirmed by Waveland Press’s publisher page for the book; its third-edition contents and bibliographic details are also exposed in the Miami University eCampus book record, which lists the chapter “The Hawthorne Experiments,” contributor Fritz J. Roethlisberger, beginning at page 29, and the 2001 Waveland Press edition. That record identifies the editors as Walter E. Natemeyer and J. Timothy McMahon. The citation’s editor wording is malformed: “J. T. M.” omits McMahon’s full name/initial structure, a concrete author/editor-field error. The cited chapter and book are nevertheless the same work. Sources: https://www.waveland.com/browse.php?t=217 ; https://miamioh.ecampus.com/classics-organizational-behavior-3rd/bk/9781577661726",101.77,74671,619,2,0.00152,0.0055,0.00702
"Roncek, D. W. (1975). Density and crime: A methodological critique. American Behavioral Scientist 18 (6), 843-860.",journal_article,Density and crime: A methodological critique,"Roncek, D. W.",1975,American Behavioral Scientist,18,6,843-860,,,,,,,verified,1.0,Density and Crime: A Methodological Critique,Dennis W. Roncek,American Behavioral Scientist,10.1177/000276427501800608,https://doi.org/10.1177/000276427501800608,crossref_title_static,Verified via static CrossRef title search (score: 1.00),52.5,0,0,0,0.0,0.0,0.0
"Roncek, D. W. (1981). Dangerous places: Crime and residential environment. Social Forces 60 (1), 74-96.",journal_article,Dangerous places: Crime and residential environment,"Roncek, D. W.",1981,Social Forces,60,1,74-96,,,,,,,verified,1.0,Dangerous Places: Crime and Residential Environment,Dennis W. Roncek,Social Forces,10.2307/2577933,https://doi.org/10.2307/2577933,crossref_title_static,Verified via static CrossRef title search (score: 1.00),52.58,0,0,0,0.0,0.0,0.0
"Roncek, D. W. and A. W. Lobosco (1983). Effect of high schools on crime in their neighborhoods. Social Science Quarterly 64 (3), 598-613.",journal_article,Effect of high schools on crime in their neighborhoods,"Roncek, D. W. | Lobosco, A. W.",1983,Social Science Quarterly,64,3,598-613,,,,,,,minor_error,0.98,The Effects of High Schools on Crime in Their Neighborhoods.,Dennis W. Roncek | Antoinette Lobosco,Social Science Quarterly,,https://eric.ed.gov/?id=EJ288817,ERIC,"Primary-source confirmation: the ERIC record (EJ288817), fetched directly at https://eric.ed.gov/?id=EJ288817, identifies the article in Social Science Quarterly, volume 64, issue 3, pages 598–613, September 1983, by Dennis W. Roncek and Antoinette Lobosco. The cited title says “Effect” while the direct record says “Effects”; this is a word-level title difference, so the verdict is minor_error, although the work is fundamentally the same. The volume/page coordinates and year match.",116.84,52291,541,1,0.001036,0.003,0.004036
"Roncek, D. W. and P. A. Maier (1991). Bars, blocks, and crime revisited: Linking the theory of routine activities to the empiricism of “Hot Spots”. Criminology 29 (4), 725-753.",journal_article,"Bars, blocks, and crime revisited: Linking the theory of routine activities to the empiricism of “Hot Spots”","Roncek, D. W. | Maier, P. A.",1991,Criminology,29,4,725-753,,,,,,,verified,0.9971014492753623,"BARS, BLOCKS, AND CRIMES REVISITED: LINKING THE THEORY OF ROUTINE ACTIVITIES TO THE EMPIRICISM OF “HOT SPOTS”*",DENNIS W. RONCEK | PAMELA A. MAIER,Criminology,10.1111/j.1745-9125.1991.tb01086.x,https://doi.org/10.1111/j.1745-9125.1991.tb01086.x,crossref_title_static,Verified via static CrossRef title search (score: 1.00),52.69,0,0,0,0.0,0.0,0.0
"Roncek, D. W., R. Bell, and J. M. A. Francik (1981). Housing projects and crime: Testing a proximity hypothesis. Social Problems 29 (2), 151-166.",journal_article,Housing projects and crime: Testing a proximity hypothesis,"Roncek, D. W. | Bell, R. | Francik, J. M. A.",1981,Social Problems,29,2,151-166,,,,,,,verified,1.0,Housing Projects and Crime: Testing a Proximity Hypothesis,Dennis W. Roncek | Ralph Bell | Jeffrey M. A. Francik,Social Problems,10.1525/sp.1981.29.2.03a00060,https://doi.org/10.1525/sp.1981.29.2.03a00060,crossref_title_static,Verified via static CrossRef title search (score: 1.00),53.13,0,0,0,0.0,0.0,0.0
"Rosenfeld, R., R. Fornango, and A. F. Rengifo (2007). The impact of order-maintenance policing on New York City homicide and robbery rates: 1988-2001. Criminology 45 (2), 355-384.",journal_article,The impact of order-maintenance policing on New York City homicide and robbery rates: 1988-2001,"Rosenfeld, R. | Fornango, R. | Rengifo, A. F.",2007,Criminology,45,2,355-384,,,,,,,verified,1.0,THE IMPACT OF ORDER‐MAINTENANCE POLICING ON NEW YORK CITY HOMICIDE AND ROBBERY RATES: 1988‐2001*,RICHARD ROSENFELD | ROBERT FORNANGO | ANDRES F. RENGIFO,Criminology,10.1111/j.1745-9125.2007.00081.x,https://doi.org/10.1111/j.1745-9125.2007.00081.x,crossref_title_static,Verified via static CrossRef title search (score: 1.00),52.6,0,0,0,0.0,0.0,0.0
"Rosenfeld, R., R. Fornango, and E. Baumer (2005). Did CEASEFIRE, COMPSTAT, and EXILE reduce homicide. Criminology & Public Policy 4 (3), 419-449.",journal_article,"Did CEASEFIRE, COMPSTAT, and EXILE reduce homicide","Rosenfeld, R. | Fornango, R. | Baumer, E.",2005,Criminology & Public Policy,4,3,419-449,,,,,,,verified,1.0,"DID CEASEFIRE, COMPSTAT, AND EXILE REDUCE HOMICIDE?*",RICHARD ROSENFELD | ROBERT FORNANGO | ERIC BAUMER,Criminology &amp; Public Policy,10.1111/j.1745-9133.2005.00310.x,https://doi.org/10.1111/j.1745-9133.2005.00310.x,crossref_title_static,Verified via static CrossRef title search (score: 1.00),52.65,0,0,0,0.0,0.0,0.0
"Rossmo, D. K. (1995). Strategic crime patterning: Problem-oriented policing and displacement. In C. R. Block, M. Dabdoub, and S. Fregly (Eds.), Crime Analysis Through Computer Mapping, pp. 1-14. Washington, DC: Police Executive Research Forum.",book_chapter,Strategic crime patterning: Problem-oriented policing and displacement,"Rossmo, D. K.",1995,,,,1-14,,,Crime Analysis Through Computer Mapping,Police Executive Research Forum,,,not_found,0.73,,,,,,,"The official NCJRS Virtual Library record for Crime Analysis Through Computer Mapping confirms the 1995 edited book and editors, but does not supply a chapter-level record for the cited Rossmo work. Searches for the exact title with Rossmo and with Police Executive Research Forum, and publisher/book-title searches, returned no direct publisher or official repository record for the specific chapter. The Texas State University faculty profile/CV and other references are indirect corroboration only, so they do not meet the primary-evidence requirement. No conflicting primary record was found; the chapter could not be verified from direct evidence.",108.89,71051,781,3,0.001441,0.0075,0.008941
"Roth, R. E., A. W. Woodruff, and Z. F. Johnson (2010). Value-by-alpha maps: An alternative technique to the cartogram. The Cartographic Journal 47 (2), 130-140.",journal_article,Value-by-alpha maps: An alternative technique to the cartogram,"Roth, R. E. | Woodruff, A. W. | Johnson, Z. F.",2010,The Cartographic Journal,47,2,130-140,,,,,,,verified,1.0,Value-by-alpha Maps: An Alternative Technique to the Cartogram,Robert E Roth | Andrew W Woodruff | Zachary F Johnson,The Cartographic Journal,10.1179/000870409x12488753453372,https://doi.org/10.1179/000870409x12488753453372,crossref_title_static,Verified via static CrossRef title search (score: 1.00),52.35,0,0,0,0.0,0.0,0.0
"Sampson, R. J. (2010). Gold standard myths: Observations on the experimental turn in quantitative criminology. Journal of Quantitative Criminology 26 (4), 489-500.",journal_article,Gold standard myths: Observations on the experimental turn in quantitative criminology,"Sampson, R. J.",2010,Journal of Quantitative Criminology,26,4,489-500,,,,,,,verified,1.0,Gold Standard Myths: Observations on the Experimental Turn in Quantitative Criminology,Robert J. Sampson,Journal of Quantitative Criminology,10.1007/s10940-010-9117-3,https://doi.org/10.1007/s10940-010-9117-3,crossref_title_static,Verified via static CrossRef title search (score: 1.00),52.7,0,0,0,0.0,0.0,0.0
"Sampson, R. J. (2012). Great American city: Chicago and the enduring neighborhood effect. Chicago, IL: University of Chicago Press.",book,Great American city: Chicago and the enduring neighborhood effect,"Sampson, R. J.",2012,,,,,,,,University of Chicago Press,,,verified,0.99,Great American City: Chicago and the Enduring Neighborhood Effect,Robert J. Sampson | William Julius Wilson,,10.7208/chicago/9780226733883.001.0001,https://doi.org/10.7208/chicago/9780226733883.001.0001,crossref_title_static,Verified via static CrossRef title search (score: 0.99),19.12,0,0,0,0.0,0.0,0.0
"Sampson, R. J. and S. W. Raudenbush (1999). Systematic social observation of public spaces: A new look at disorder in Urban neighborhoods. American Journal of Sociology 105 (3), 603-651.",journal_article,Systematic social observation of public spaces: A new look at disorder in Urban neighborhoods,"Sampson, R. J. | Raudenbush, S. W.",1999,American Journal of Sociology,105,3,603-651,,,,,,,verified,1.0,Systematic Social Observation of Public Spaces: A New Look at Disorder in Urban Neighborhoods,Robert J. Sampson | Stephen W. Raudenbush,American Journal of Sociology,10.1086/210356,https://doi.org/10.1086/210356,crossref_title_static,Verified via static CrossRef title search (score: 1.00),52.84,0,0,0,0.0,0.0,0.0
"Sampson, R. J. and S. W. Raudenbush (2004). Seeing disorder: Neighborhood stigma and the social construction of “Broken Windows”. Social Pyschology Quarterly 67 (4), 319-342.",journal_article,Seeing disorder: Neighborhood stigma and the social construction of “Broken Windows”,"Sampson, R. J. | Raudenbush, S. W.",2004,Social Pyschology Quarterly,67,4,319-342,,,,,,,verified,1.0,Seeing Disorder: Neighborhood Stigma and the Social Construction of “Broken Windows”,Robert J. Sampson | Stephen W. Raudenbush,Social Psychology Quarterly,10.1177/019027250406700401,https://doi.org/10.1177/019027250406700401,crossref_title_static,Verified via static CrossRef title search (score: 1.00),52.6,0,0,0,0.0,0.0,0.0
"Sampson, R. J., S. W. Raudenbush, and F. Earls (1997). Neighborhoods and violent crime: A multilevel study of collective efficacy. Science 277 (5238), 918-924.",journal_article,Neighborhoods and violent crime: A multilevel study of collective efficacy,"Sampson, R. J. | Raudenbush, S. W. | Earls, F.",1997,Science,277,5238,918-924,,,,,,,verified,1.0,Neighborhoods and Violent Crime: A Multilevel Study of Collective Efficacy,Robert J. Sampson | Stephen W. Raudenbush | Felton Earls,Science,10.1126/science.277.5328.918,https://doi.org/10.1126/science.277.5328.918,crossref_title_static,Verified via static CrossRef title search (score: 1.00),52.55,0,0,0,0.0,0.0,0.0
"Savitz, D. A. (2012). Commentary: A niche for ecologic studies in environmental epidemiology. Epidemiology 23 (1), 53-54.",journal_article,Commentary: A niche for ecologic studies in environmental epidemiology,"Savitz, D. A.",2012,Epidemiology,23,1,53-54,,,,,,,verified,1.0,Commentary: A Niche for Ecologic Studies in Environmental Epidemiology,David A. Savitz,Epidemiology,10.1097/ede.0b013e31823b5633,https://doi.org/10.1097/ede.0b013e31823b5633,crossref_title_static,Verified via static CrossRef title search (score: 1.00),54.83,0,0,0,0.0,0.0,0.0
"Savitz, N. V. and S. W. Raudenbush (2009). Exploiting spatial dependence to improve measurement of neighborhood social processes. Sociological Methodology 39 (1), 151-183.",journal_article,Exploiting spatial dependence to improve measurement of neighborhood social processes,"Savitz, N. V. | Raudenbush, S. W.",2009,Sociological Methodology,39,1,151-183,,,,,,,verified,0.9930232558139533,5. Exploiting Spatial Dependence to Improve Measurement of Neighborhood Social Processes,Natalya Verbitsky Savitz | Stephen W. Raudenbush,Sociological Methodology,10.1111/j.1467-9531.2009.01221.x,https://doi.org/10.1111/j.1467-9531.2009.01221.x,crossref_title_static,Verified via static CrossRef title search (score: 0.99),55.02,0,0,0,0.0,0.0,0.0
"Shadish, W. R., T. D. Cook, and D. T. Campbell (2002). Experimental and QuasiExperimental Designs for Generalized Causal Inference. Boston, MA: Houghton Mifflin Company.",book,Experimental and Quasi-Experimental Designs for Generalized Causal Inference,"Shadish, W. R. | Cook, T. D. | Campbell, D. T.",2002,,,,,,9780395615560,,Houghton Mifflin Company,,,verified,0.98,"Experimental and quasi-experimental designs for generalized causal inference / William R. Shedish, Thomas D. Cook, Donald T. Campbell.",William R. Shadish | Thomas D. Cook | Donald T. Campbell,Houghton Mifflin,,,"University of California, Berkeley Law Library catalog","Verified against the University of California, Berkeley Law Library catalog record, which identifies the book, the authors (including Shadish in its authority/added-author fields), the 2002 publication year, and the imprint “Boston : Houghton Mifflin, 2002.” The cited title and publisher are substantively consistent; “QuasiExperimental” in the citation is a missing hyphen, a cosmetic formatting difference. The citation is verified as the same book. ISBNs shown in the catalog include 9780395615560 and 9780395307878.",113.63,52407,561,1,0.002473,0.003,0.005473
"Shaw, C. R. and H. D. McKay (1969). Juvenile Delinquency and Urban Areas: A Study of Rates of Delinquency in Relation to Differential Characteristics of Local Communities in American Cities. Revised Edition. Chicago, IL: University of Chicago Press.",book,Juvenile Delinquency and Urban Areas: A Study of Rates of Delinquency in Relation to Differential Characteristics of Local Communities in American Cities,"Shaw, C. R. | McKay, H. D.",1969,,,,,,,,University of Chicago Press,,,verified,0.99,"Juvenile delinquency and urban areas; a study of rates of delinquency in relation to differential characteristics of local communities in American cities / by Clifford R. Shaw and Henry D. McKay. With a new introd. by James F. Short, Jr., and new chapters updating delinquency data for Chicago and suburbs by Henry D. McKay.",Clifford R. Shaw | Henry D. McKay,University of Chicago Press,,https://lawcat.berkeley.edu/record/357755?ln=en,Berkeley Law Library catalog,"The Berkeley Law Library catalog record directly confirms the title, authors, revised edition, 1969 imprint, and University of Chicago Press as publisher. The cited title and authors match; the catalog supplies a longer title statement and additional subtitle/editorial description. I therefore find no substantive citation error. The University of Chicago Press page could not be retrieved, so the direct bibliographic evidence cited here is the library catalog record.",153.67,72880,646,2,0.002848,0.0055,0.008348
"Sherman, L. W. and D. Weisburd (1995). General deterrent effects of police patrol in crime hot spots: A randomized, controlled trial. Justice Quarterly 12 (4), 625-648.",journal_article,"General deterrent effects of police patrol in crime hot spots: A randomized, controlled trial","Sherman, L. W. | Weisburd, D.",1995,Justice Quarterly,12,4,625-648,,,,,,,verified,1.0,"General deterrent effects of police patrol in crime “hot spots”: A randomized, controlled trial",Lawrence W. Sherman | David Weisburd,Justice Quarterly,10.1080/07418829500096221,https://doi.org/10.1080/07418829500096221,crossref_title_static,Verified via static CrossRef title search (score: 1.00),34.58,0,0,0,0.0,0.0,0.0
"Short, M. B., M. D’Orsogna, P. J. Brantingham, and G. E. Tita (2009). Measuring and modeling repeat and near-repeat burglary effects. Journal of Quantitative Criminology 25 (3), 325-339.",journal_article,Measuring and modeling repeat and near-repeat burglary effects,"Short, M. B. | D’Orsogna, M. | Brantingham, P. J. | Tita, G. E.",2009,Journal of Quantitative Criminology,25,3,325-339,,,,,,,verified,1.0,Measuring and Modeling Repeat and Near-Repeat Burglary Effects,M. B. Short | M. R. D’Orsogna | P. J. Brantingham | G. E. Tita,Journal of Quantitative Criminology,10.1007/s10940-009-9068-8,https://doi.org/10.1007/s10940-009-9068-8,crossref_title_static,Verified via static CrossRef title search (score: 1.00),36.03,0,0,0,0.0,0.0,0.0
"Short, M. B., P. J. Brantingham, A. L. Bertozzi, and G. E. Tita (2010). Dissipation and displacement of hotspots in reaction-diffusion models of crime. Proceedings of the National Academy of Sciences 107 (9), 3961-3965.",journal_article,Dissipation and displacement of hotspots in reaction-diffusion models of crime,"Short, M. B. | Brantingham, P. J. | Bertozzi, A. L. | Tita, G. E.",2010,Proceedings of the National Academy of Sciences,107,9,3961-3965,,,,,,,verified,1.0,Dissipation and displacement of hotspots in reaction-diffusion models of crime,Martin B. Short | P. Jeffrey Brantingham | Andrea L. Bertozzi | George E. Tita,Proceedings of the National Academy of Sciences,10.1073/pnas.0910921107,https://doi.org/10.1073/pnas.0910921107,crossref_title_static,Verified via static CrossRef title search (score: 1.00),39.5,0,0,0,0.0,0.0,0.0
"Skogan, W. G. (1990). Disorder and Decline: Crime and the Spiral of Decay in American Neighborhoods. New York, NY: The Free Press.",book,Disorder and Decline: Crime and the Spiral of Decay in American Neighborhoods,"Skogan, W. G.",1990,,,,,,,,The Free Press,,,verified,0.99,Disorder and decline : crime and the spiral of decay in American neighborhoods,Wesley G. Skogan,Free Press,,https://archive.org/details/disorderdeclinec00skog,Internet Archive book record; Publishers Weekly book record,"Verified against the Internet Archive’s record for the specific book, which gives Wesley G. Skogan, publication date 1990, and publisher information “New York : Free Press”; Publishers Weekly’s book record also identifies Wesley G. Skogan, Free Press, and the cited title. The raw citation’s “The Free Press” is a compatible publisher-name form. The citation is verified.",124.22,51410,429,1,0.000958,0.003,0.003958
"Smith, W. R., S. G. Frazee, and E. L. Davison (2000). Furthering the integration of routine activity and social disorganization theories: Small units of analysis and the study of street robbery as a diffusion process. Criminology 38 (2), 489-524.",journal_article,Furthering the integration of routine activity and social disorganization theories: Small units of analysis and the study of street robbery as a diffusion process,"Smith, W. R. | Frazee, S. G. | Davison, E. L.",2000,Criminology,38,2,489-524,,,,,,,verified,1.0,FURTHERING THE INTEGRATION OF ROUTINE ACTIVITY AND SOCIAL DISORGANIZATION THEORIES: SMALL UNITS OF ANALYSIS AND THE STUDY OF STREET ROBBERY AS A DIFFUSION PROCESS,WILLIAM R. SMITH | SHARON GLAVE FRAZEE | ELIZABETH L. DAVISON,Criminology,10.1111/j.1745-9125.2000.tb00897.x,https://doi.org/10.1111/j.1745-9125.2000.tb00897.x,crossref_title_static,Verified via static CrossRef title search (score: 1.00),39.73,0,0,0,0.0,0.0,0.0
"Snijders, T. A. B. and R. J. Bosker (2012). Multilevel analysis: An introduction to basic and advances multilevel modeling. London: Sage.",book,Multilevel analysis: An introduction to basic and advances multilevel modeling,"Snijders, T. A. B. | Bosker, R. J.",2012,,,,,,,,Sage,,,minor_error,0.99,Multilevel Analysis: An Introduction to Basic and Advanced Multilevel Modeling,Tom A.B. Snijders | Roel Bosker,Sage UK,,https://www.sagepub.com/shop/buy-a-book/multilevel-analysis-2-234191,Sage publisher book page,"Verified against the publisher’s Sage book page, which gives the title, second edition, authors, and publication information. The citation’s “advances” is a title-word error: the official title says “Advanced.” Sage lists December 2011; author Tom Snijders’s book page explains that it appeared in November 2011 but its official publication year is 2012. The 2012 year is therefore supported. Title comparison: same book, with the substantive word “advances” differing from “Advanced.” Venue comparison: Sage matches. Author comparison: both authors match. The work is fundamentally the same, but the title discrepancy warrants minor_error.",124.96,67013,550,1,0.002586,0.003,0.005586
"Socia, K. M. (2011). The policy implications of residence restrictions on sex offender housing in Upstate NY. Criminology & Public Policy 10 (2), 351-389.",journal_article,The policy implications of residence restrictions on sex offender housing in Upstate NY,"Socia, K. M.",2011,Criminology & Public Policy,10,2,351-389,,,,,,,verified,1.0,The policy implications of residence restrictions on sex offender housing in Upstate NY,Kelly M. Socia,Criminology &amp; Public Policy,10.1111/j.1745-9133.2011.00713.x,https://doi.org/10.1111/j.1745-9133.2011.00713.x,crossref_title_static,Verified via static CrossRef title search (score: 1.00),36.99,0,0,0,0.0,0.0,0.0
"Stucky, T. D. and J. R. Ottensman (2009). Land use and violent crime. Criminology 47 (4), 1223-1264.",journal_article,Land use and violent crime,"Stucky, T. D. | Ottensman, J. R.",2009,Criminology,47,4,1223-1264,,,,,,,verified,1.0,LAND USE AND VIOLENT CRIME*,THOMAS D. STUCKY | JOHN R. OTTENSMANN,Criminology,10.1111/j.1745-9125.2009.00174.x,https://doi.org/10.1111/j.1745-9125.2009.00174.x,crossref_title_static,Verified via static CrossRef title search (score: 1.00),37.01,0,0,0,0.0,0.0,0.0
"Taniguchi, T. A. and C. Salvatore (2012). Exploring the relationship between drug and alcohol treatment facilities and violent and property crime: A socioeconomic contingent relationship. Security Journal 25 (2), 95-115.",journal_article,Exploring the relationship between drug and alcohol treatment facilities and violent and property crime: A socioeconomic contingent relationship,"Taniguchi, T. A. | Salvatore, C.",2012,Security Journal,25,2,95-115,,,,,,,verified,1.0,Exploring the relationship between drug and alcohol treatment facilities and violent and property crime: A socioeconomic contingent relationship,Travis A Taniguchi | Christopher Salvatore,Security Journal,10.1057/sj.2011.8,https://doi.org/10.1057/sj.2011.8,crossref_title_static,Verified via static CrossRef title search (score: 1.00),36.91,0,0,0,0.0,0.0,0.0
"Taniguchi, T. A., G. F. Rengert, and E. S. McCord (2009). Where size matters: Agglomeration economies of illegal drug markets in Philadelphia. Justice Quarterly 26 (4), 670-694.",journal_article,Where size matters: Agglomeration economies of illegal drug markets in Philadelphia,"Taniguchi, T. A. | Rengert, G. F. | McCord, E. S.",2009,Justice Quarterly,26,4,670-694,,,,,,,verified,1.0,Where Size Matters: Agglomeration Economies of Illegal Drug Markets in Philadelphia,Travis A. Taniguchi | George F. Rengert | Eric S. McCord,Justice Quarterly,10.1080/07418820802593378,https://doi.org/10.1080/07418820802593378,crossref_title_static,Verified via static CrossRef title search (score: 1.00),36.96,0,0,0,0.0,0.0,0.0
"Taniguchi, T. A., J. H. Ratcliffe, and R. B. Taylor (2011). Gang set space, drug markets, and crime around drug corners in Camden. Journal of Research in Crime and Delinquency 48 (3), 327-363.",journal_article,"Gang set space, drug markets, and crime around drug corners in Camden","Taniguchi, T. A. | Ratcliffe, J. H. | Taylor, R. B.",2011,Journal of Research in Crime and Delinquency,48,3,327-363,,,,,,,verified,1.0,"Gang Set Space, Drug Markets, and Crime around Drug Corners in Camden",Travis A. Taniguchi | Jerry H. Ratcliffe | Ralph B. Taylor,Journal of Research in Crime and Delinquency,10.1177/0022427810393016,https://doi.org/10.1177/0022427810393016,crossref_title_static,Verified via static CrossRef title search (score: 1.00),36.41,0,0,0,0.0,0.0,0.0
"Taylor, B., C. Koper, and D. Woods (2011). A randomized controlled trial of different policing strategies at hot spots of violent crime. Journal of Experimental Criminology 7 (2), 149- 181.",journal_article,A randomized controlled trial of different policing strategies at hot spots of violent crime,"Taylor, B. | Koper, C. | Woods, D.",2011,Journal of Experimental Criminology,7,2,149-181,,,,,,,verified,1.0,A randomized controlled trial of different policing strategies at hot spots of violent crime,Bruce Taylor | Christopher S. Koper | Daniel J. Woods,Journal of Experimental Criminology,10.1007/s11292-010-9120-6,https://doi.org/10.1007/s11292-010-9120-6,crossref_title_static,Verified via static CrossRef title search (score: 1.00),36.79,0,0,0,0.0,0.0,0.0
"Taylor, R. B. (1997). Social order and disorder of street blocks and neighborhoods: Ecology, microecology, and the sytematic model of social disorganization. Journal of Research in Crime and Delinquency 34 (1), 113-155.",journal_article,"Social order and disorder of street blocks and neighborhoods: Ecology, microecology, and the sytematic model of social disorganization","Taylor, R. B.",1997,Journal of Research in Crime and Delinquency,34,1,113-155,,,,,,,verified,0.993103448275862,"Social Order and Disorder of Street Blocks and Neighborhoods: Ecology, Microecology, and the Systemic Model of Social Disorganization",RALPH B. TAYLOR,Journal of Research in Crime and Delinquency,10.1177/0022427897034001006,https://doi.org/10.1177/0022427897034001006,crossref_title_static,Verified via static CrossRef title search (score: 0.99),36.98,0,0,0,0.0,0.0,0.0
"Taylor, R. B. (2001). Breaking away from broken windows: Baltimore neighborhoods and the nationwide fight against crime, grime, fear, and decline. Boulder, CO: Westview Press.",book,"Breaking away from broken windows: Baltimore neighborhoods and the nationwide fight against crime, grime, fear, and decline","Taylor, R. B.",2001,,,,,,,,Westview Press,,,verified,0.99,"Breaking Away from Broken Windows: Baltimore Neighborhoods and the Nationwide Fight Against Crime, Grime, Fear, and Decline",Ralph B. Taylor,Westview Press,,https://www.ojp.gov/pdffiles1/Digitization/186793NCJRS.pdf,"U.S. Department of Justice, Office of Justice Programs (NCJRS)","Verified against a direct copy of the book hosted by the U.S. Department of Justice, Office of Justice Programs (NCJRS): its title page gives the full title and Ralph B. Taylor; its copyright/publication statement says Copyright © 2001 by Westview Press and that it was published in 2001. The citation matches. A library catalog search result gave 2000, but the inspected book's own publication statement directly supports the cited 2001 date. Title comparison: substantive wording matches. Venue comparison: Westview Press matches. Author comparison: R. B. Taylor matches Ralph B. Taylor. The cited work is fundamentally the same work.",126.72,84534,613,2,0.002779,0.0055,0.008279
"Taylor, R. B. and S. Gottfredson (1986). Environmental design, crime, and prevention: An examination of community dynamics. Crime & Justice 8, 387-416.",journal_article,"Environmental design, crime, and prevention: An examination of community dynamics","Taylor, R. B. | S. Gottfredson",1986,Crime & Justice,8,,387-416,,,,,,,verified,1.0,"Environmental Design, Crime, and Prevention: An Examination of Community Dynamics",Ralph B. Taylor | Stephen Gottfredson,Crime and Justice,10.1086/449128,https://doi.org/10.1086/449128,crossref_title_static,Verified via static CrossRef title search (score: 1.00),36.45,0,0,0,0.0,0.0,0.0
"Taylor, R. B., B. A. Koons, E. M. Kurtz, J. R. Greene, and D. D. Perkins (1995). Street blocks with more nonresidential land use have more physical deterioration. Urban Affairs Review 31 (1), 120-136.",journal_article,Street blocks with more nonresidential land use have more physical deterioration,"Taylor, R. B. | B. A. Koons | E. M. Kurtz | J. R. Greene | D. D. Perkins",1995,Urban Affairs Review,31,1,120-136,,,,,,,verified,0.99,Street Blocks with more Nonresidential Land Use have more Physical Deterioration,Ralph B. Taylor | Barbara A. Koons | Ellen M. Kurtz | Jack R. Greene | Douglas D. Perkins,Urban Affairs Review,10.1177/107808749503100106,https://journals.sagepub.com/doi/10.1177/107808749503100106,SAGE Journals,"Verified against the SAGE publisher article page, which directly confirms the article, complete author list, journal, and September 1995 publication and issue dates. The citation omits the subtitle, “Evidence from Baltimore and Philadelphia,” but its title identifies the same article and this omission does not prevent verification. The separate coordinate search for Urban Affairs Review 31 (1), page 120 returned the same article; the publisher page and CiNii record report pages 120–136.",87.47,53877,541,1,0.0012,0.003,0.0042
"Tcherni, M. (2011). Structural determinants of homicide: The big three. Journal of Quantitative Criminology 27 (4), 475-496.",journal_article,Structural determinants of homicide: The big three,"Tcherni, M.",2011,Journal of Quantitative Criminology,27,4,475-496,,,,,,,verified,1.0,Structural Determinants of Homicide: The Big Three,Maria Tcherni,Journal of Quantitative Criminology,10.1007/s10940-011-9134-x,https://doi.org/10.1007/s10940-011-9134-x,crossref_title_static,Verified via static CrossRef title search (score: 1.00),36.34,0,0,0,0.0,0.0,0.0
"Theil, H. (1965). Linear aggregations of economic relations. Amsterdam: North-Holland Publishing Company.",book,Linear aggregations of economic relations,"Theil, H.",1965,,,,,,0720431921,,North-Holland Publishing Company,,,verified,0.83,Linear aggregation of economic relations,Henri Theil,North-Holland Pub. Co.,,,University of Rajshahi library catalog,"Title comparison: exact match. Venue comparison: the University of Rajshahi library catalog gives Amsterdam, North-Holland Pub. Co.; the cited North-Holland Publishing Company is a compatible form of that publisher. Author comparison: H. Theil matches Henri Theil. The catalog record identifies the same book and lists copies/holdings marked 1954, 1965, and 1974, while a contemporary Economic Journal review describes the book as published in 1954. Thus the work is established, and the catalog’s 1965 holding is consistent with the cited year being an edition or printing; the available record does not establish a year error in the citation. The OUP page is a contemporary review, not the book’s publisher record. Overall, the cited work is fundamentally the same work and is verified.",133.83,90283,947,3,0.001777,0.008,0.009777
"Tilley, N. (1997). Realism, Situational Rationality and Crime Prevention. In G. Newman, R. V. Clarke, and S. G. Shoham (Eds.), Rational Choice and Situational Crime Prevention, pp. 95-114. Brookfield, Vermont: Ashgate Publishing.",book_chapter,"Realism, Situational Rationality and Crime Prevention","Tilley, N.",1997,,,,95-114,,,Rational Choice and Situational Crime Prevention,Ashgate Publishing,,,verified,0.99,"Realism, Situational Rationality and Crime Prevention",Nick Tilley,Rational Choice and Situational Crime Prevention: Theoretical Foundations,,https://www.routledge.com/Rational-Choice-and-Situational-Crime-Prevention-Theoretical-Foundations/Newman-Clarke/p/book/9781855219472,Routledge publisher page and publisher-hosted book preview,"Direct evidence: Routledge’s publisher page identifies the 1997 book and lists “Realism, situational rationality and crime prevention, Nick Tilley” in its contents. The publisher-hosted preview PDF confirms the book was first published in 1997 by Ashgate Publishing, identifies Chapter 6 as “Realism, Situational Rationality and Crime Prevention” by Nick Tilley, and shows the chapter begins on page 95, with the next chapter beginning at 115 (thus pages 95–114). The cited title, author, year, edited-volume context, publisher, and pages match. The citation’s Brookfield location is not contradicted by the inspected direct records; no DOI is asserted in the raw citation.",124.88,82938,695,2,0.002573,0.0055,0.008073
"Tita, G. E. and G. Ridgeway (2007). The impact of gang formation on local patterns of crime. Journal of Research in Crime and Delinquency 44 (2), 208-237.",journal_article,The impact of gang formation on local patterns of crime,"Tita, G. E. | G. Ridgeway",2007,Journal of Research in Crime and Delinquency,44,2,208-237,,,,,,,verified,1.0,The Impact of Gang Formation on Local Patterns of Crime,George Tita | Greg Ridgeway,Journal of Research in Crime and Delinquency,10.1177/0022427806298356,https://doi.org/10.1177/0022427806298356,crossref_title_static,Verified via static CrossRef title search (score: 1.00),36.22,0,0,0,0.0,0.0,0.0
"Tita, G. E., J. Cohen, and J. Engberg (2005). An ecological study of the location of gang “Set Space”. Social Problems 52 (2), 272-299.",journal_article,An ecological study of the location of gang “Set Space”,"Tita, G. E. | J. Cohen | J. Engberg",2005,Social Problems,52,2,272-299,,,,,,,verified,1.0,An Ecological Study of the Location of Gang “Set Space”,GEORGE E. TITA | JACQUELINE COHEN | JOHN ENGBERG,Social Problems,10.1525/sp.2005.52.2.272,https://doi.org/10.1525/sp.2005.52.2.272,crossref_title_static,Verified via static CrossRef title search (score: 1.00),36.75,0,0,0,0.0,0.0,0.0
"Tobler, W. R. (1970). A computer movie simulating urban growth in the Detroit Region. Economic Geography 46, 234-240.",journal_article,A computer movie simulating urban growth in the Detroit Region,"Tobler, W. R.",1970,Economic Geography,46,,234-240,,,,,,,verified,1.0,A Computer Movie Simulating Urban Growth in the Detroit Region,W. R. Tobler,Economic Geography,10.2307/143141,https://doi.org/10.2307/143141,crossref_title_static,Verified via static CrossRef title search (score: 1.00),36.39,0,0,0,0.0,0.0,0.0
"Tobler, W. R. (1979). Smooth pycnophylactic interpolation for geographical regions. Journal of the American Statistical Association 74 (367), 519-530.",journal_article,Smooth pycnophylactic interpolation for geographical regions,"Tobler, W. R.",1979,Journal of the American Statistical Association,74,367,519-530,,,,,,,verified,1.0,Smooth Pycnophylactic Interpolation for Geographical Regions,Waldo R. Tobler,Journal of the American Statistical Association,10.1080/01621459.1979.10481647,https://doi.org/10.1080/01621459.1979.10481647,crossref_title_static,Verified via static CrossRef title search (score: 1.00),36.51,0,0,0,0.0,0.0,0.0
"Tolnay, S. E., G. Deane, and E. M. Beck (1996). Vicarious violence: Spatial effects on southern lynchings, 1890-1919. American Journal of Sociology 102 (3), 788-815.",journal_article,"Vicarious violence: Spatial effects on southern lynchings, 1890-1919","Tolnay, S. E. | G. Deane | E. M. Beck",1996,American Journal of Sociology,102,3,788-815,,,,,,,verified,1.0,"Vicarious Violence: Spatial Effects on Southern Lynchings, 1890-1919",Stewart E. Tolnay | Glenn Deane | E. M. Beck,American Journal of Sociology,10.1086/230997,https://doi.org/10.1086/230997,crossref_title_static,Verified via static CrossRef title search (score: 1.00),36.12,0,0,0,0.0,0.0,0.0
"Townsley, M. (2009). Spatial autocorrelation and impacts on criminology. Geographical Analysis 41 (4), 452-461.",journal_article,Spatial autocorrelation and impacts on criminology,"Townsley, M.",2009,Geographical Analysis,41,4,452-461,,,,,,,verified,1.0,Spatial Autocorrelation and Impacts on Criminology,Michael Townsley,Geographical Analysis,10.1111/j.1538-4632.2009.00775.x,https://doi.org/10.1111/j.1538-4632.2009.00775.x,crossref_title_static,Verified via static CrossRef title search (score: 1.00),35.98,0,0,0,0.0,0.0,0.0
"Treno, A. J., P. J. Gruenewald, L. G. Remer, F. Johnson, and E. A. LaScala (2008). Examining multi-level relationships between bars, hostility and aggression: Social selection and social influence. Addiction 103 (1), 66-77.",journal_article,"Examining multi-level relationships between bars, hostility and aggression: Social selection and social influence","Treno, A. J. | P. J. Gruenewald | L. G. Remer | F. Johnson | E. A. LaScala",2008,Addiction,103,1,66-77,,,,,,,verified,1.0,"Examining multi‐level relationships between bars, hostility and aggression: social selection and social influence",Andrew J. Treno | Paul J. Gruenewald | Lillian G. Remer | Fred Johnson | Elizabeth A. LaScala,Addiction,10.1111/j.1360-0443.2007.02039.x,https://doi.org/10.1111/j.1360-0443.2007.02039.x,crossref_title_static,Verified via static CrossRef title search (score: 1.00),34.3,0,0,0,0.0,0.0,0.0
"Browning, C. R., R. A. Byron, C. A. Calder, L. J. Krivo, M. Kwan, J. Lee, and R. D. Peterson (2010). Commercial density, residential concentration, and crime: Land use patterns and violence in neighborhood context. Journal of Research in Crime and Delinquency 47 (3), 329-357.",journal_article,"Commercial density, residential concentration, and crime: Land use patterns and violence in neighborhood context.","Browning, C.R. | R.A. Byron | C.A. Calder | L.J. Krivo | M. Kwan | J. Lee | R.D. Peterson",2010,Journal of Research in Crime and Delinquency,47,3,329-357,,,,,,,verified,1.0,"Commercial Density, Residential Concentration, and Crime: Land Use Patterns and Violence in Neighborhood Context",Christopher R. Browning | Reginald A. Byron | Catherine A. Calder | Lauren J. Krivo | Mei-Po Kwan | Jae-Yong Lee | Ruth D. Peterson,Journal of Research in Crime and Delinquency,10.1177/0022427810365906,https://doi.org/10.1177/0022427810365906,crossref_title_static,Verified via static CrossRef title search (score: 1.00),34.19,0,0,0,0.0,0.0,0.0
"Waller, L. A., L. Zhu, C. A. Gotway, D. M. Gorman, and P. J. Gruenewald (2007). Quantifying geographic variations in associations between alcohol distribution and violence: A comparison of geographically weighted regression and spatially varying coefficient models. Stochastic Environmental Research and Risk Assessment 21 (5), 573-588.",journal_article,Quantifying geographic variations in associations between alcohol distribution and violence: A comparison of geographically weighted regression and spatially varying coefficient models,"Waller, L. A. | L. Zhu | C. A. Gotway | D. M. Gorman | P. J. Gruenewald",2007,Stochastic Environmental Research and Risk Assessment,21,5,573-588,,,,,,,verified,1.0,Quantifying geographic variations in associations between alcohol distribution and violence: a comparison of geographically weighted regression and spatially varying coefficient models,Lance A. Waller | Li Zhu | Carol A. Gotway | Dennis M. Gorman | Paul J. Gruenewald,Stochastic Environmental Research and Risk Assessment,10.1007/s00477-007-0139-9,https://doi.org/10.1007/s00477-007-0139-9,crossref_title_static,Verified via static CrossRef title search (score: 1.00),34.0,0,0,0,0.0,0.0,0.0
"Wang, F. (2005). Job access and homicide patterns in Chicago: An analysis at multiple geographic levels based on scale-space theory. Journal of Quantitative Criminology 21 (2), 195-217.",journal_article,Job access and homicide patterns in Chicago: An analysis at multiple geographic levels based on scale-space theory,"Wang, F.",2005,Journal of Quantitative Criminology,21,2,195-217,,,,,,,verified,1.0,Job Access and Homicide Patterns in Chicago: An Analysis at Multiple Geographic Levels Based on Scale-Space Theory,Fahui Wang,Journal of Quantitative Criminology,10.1007/s10940-005-2492-5,https://doi.org/10.1007/s10940-005-2492-5,crossref_title_static,Verified via static CrossRef title search (score: 1.00),30.56,0,0,0,0.0,0.0,0.0
"Weeks, J. R., A. Getis, A. G. Hill, S. Agyei-Mensah, and D. Rain (2010). Neighborhoods and fertility in Accra, Ghana: An AMOEBA-based approach. Annals of the Association of American Geographers 100 (3), 558-578.",journal_article,"Neighborhoods and fertility in Accra, Ghana: An AMOEBA-based approach","Weeks, J. R. | A. Getis | A. G. Hill | S. Agyei-Mensah | D. Rain",2010,Annals of the Association of American Geographers,100,3,558-578,,,,,,,verified,1.0,"Neighborhoods and Fertility in Accra, Ghana: An AMOEBA-Based Approach",John R. Weeks | Arthur Getis | Allan G. Hill | Samuel Agyei-Mensah | David Rain,Annals of the Association of American Geographers,10.1080/00045601003791391,https://doi.org/10.1080/00045601003791391,crossref_title_static,Verified via static CrossRef title search (score: 1.00),27.31,0,0,0,0.0,0.0,0.0
"Weisburd, D. and A. R. Piquero (2008). How well do criminologists explain crime? Statistical modeling in published studies. Crime and Justice 37 (1), 453-502.",journal_article,How well do criminologists explain crime? Statistical modeling in published studies,"Weisburd, D. | Piquero, A. R.",2008,Crime and Justice,37,1,453-502,,,,,,,verified,1.0,How Well Do Criminologists Explain Crime? Statistical Modeling in Published Studies,David Weisburd | Alex R. Piquero,Crime and Justice,10.1086/524284,https://doi.org/10.1086/524284,crossref_title_static,Verified via static CrossRef title search (score: 1.00),29.88,0,0,0,0.0,0.0,0.0
"Weisburd, D., E. R. Groff, and S. Yang (2012). The criminology of place: Street segments and our understanding of the crime problem. New York, NY: Oxford University Press.",book,The criminology of place: Street segments and our understanding of the crime problem,"Weisburd, D. | Groff, E. R. | Yang, S.",2012,,,,,,,,Oxford University Press,,,verified,1.0,The Criminology of Place: Street Segments and Our Understanding of the Crime Problem,David Weisburd | Elizabeth R. Groff | Sue-Ming Yang,,10.1093/acprof:oso/9780195369083.001.0001,https://doi.org/10.1093/acprof:oso/9780195369083.001.0001,crossref_title_static,Verified via static CrossRef title search (score: 1.00),55.7,0,0,0,0.0,0.0,0.0
"Weisburd, D., E. R. Groff, and S. Yang (2014). Understanding and controlling hot spots of crime: The importance of formal and informal social controls. Prevention Science 15 (1), 31-43.",journal_article,Understanding and controlling hot spots of crime: The importance of formal and informal social controls,"Weisburd, D. | Groff, E. R. | Yang, S.",2014,Prevention Science,15,1,31-43,,,,,,,verified,1.0,Understanding and Controlling Hot Spots of Crime: The Importance of Formal and Informal Social Controls,David Weisburd | Elizabeth R. Groff | Sue-Ming Yang,Prevention Science,10.1007/s11121-012-0351-9,https://doi.org/10.1007/s11121-012-0351-9,crossref_title_static,Verified via static CrossRef title search (score: 1.00),22.69,0,0,0,0.0,0.0,0.0
"Weisburd, D., L. A. Wyckoff, J. Ready, J. E. Eck, J. C. Hinkle, and F. Gajewski (2006). Does crime just move around the corner? A controlled study of spatial displacement and diffusion of crime control benifits. Criminology 44 (3), 549-592.",journal_article,Does crime just move around the corner? A controlled study of spatial displacement and diffusion of crime control benifits,"Weisburd, D. | Wyckoff, L. A. | Ready, J. | Eck, J. E. | Hinkle, J. C. | Gajewski, F.",2006,Criminology,44,3,549-592,,,,,,,verified,0.9950413223140495,DOES CRIME JUST MOVE AROUND THE CORNER? A CONTROLLED STUDY OF SPATIAL DISPLACEMENT AND DIFFUSION OF CRIME CONTROL BENEFITS*,DAVID WEISBURD | LAURA A. WYCKOFF | JUSTIN READY | JOHN E. ECK | JOSHUA C. HINKLE | FRANK GAJEWSKI,Criminology,10.1111/j.1745-9125.2006.00057.x,https://doi.org/10.1111/j.1745-9125.2006.00057.x,crossref_title_static,Verified via static CrossRef title search (score: 1.00),22.61,0,0,0,0.0,0.0,0.0
"Weisburd, D., N. A. Morris, and E. R. Groff (2009). Hot spots of juvenile crime: A longitudinal study of arrest incidents at street segments in Seattle, Washington. Journal of Quantitative Criminology 25 (4), 443-467.",journal_article,"Hot spots of juvenile crime: A longitudinal study of arrest incidents at street segments in Seattle, Washington","Weisburd, D. | Morris, N. A. | Groff, E. R.",2009,Journal of Quantitative Criminology,25,4,443-467,,,,,,,verified,1.0,"Hot Spots of Juvenile Crime: A Longitudinal Study of Arrest Incidents at Street Segments in Seattle, Washington",David Weisburd | Nancy A. Morris | Elizabeth R. Groff,Journal of Quantitative Criminology,10.1007/s10940-009-9075-9,https://doi.org/10.1007/s10940-009-9075-9,crossref_title_static,Verified via static CrossRef title search (score: 1.00),22.34,0,0,0,0.0,0.0,0.0
"Weisburd, D., N. A. Morris, and J. Ready (2008). Risk-focused policing at places: An experimental evaluation. Justice Quarterly 25 (1), 163-200.",journal_article,Risk-focused policing at places: An experimental evaluation,"Weisburd, D. | Morris, N. A. | Ready, J.",2008,Justice Quarterly,25,1,163-200,,,,,,,verified,1.0,Risk‐Focused Policing at Places: An Experimental Evaluation,David Weisburd | Nancy A. Morris | Justin Ready,Justice Quarterly,10.1080/07418820801954647,https://doi.org/10.1080/07418820801954647,crossref_title_static,Verified via static CrossRef title search (score: 1.00),22.57,0,0,0,0.0,0.0,0.0
"Weisburd, D., S. D. Bushway, C. Lum, and S. Yang (2004). Trajectories of crime at places: A longitudinal study of street segments in the city of Seattle. Criminology 42 (2), 283-322.",journal_article,Trajectories of crime at places: A longitudinal study of street segments in the city of Seattle,"Weisburd, D. | S. D. Bushway | C. Lum | S. Yang",2004,Criminology,42,2,283-322,,,,,,,verified,1.0,TRAJECTORIES OF CRIME AT PLACES: A LONGITUDINAL STUDY OF STREET SEGMENTS IN THE CITY OF SEATTLE*,DAVID WEISBURD | SHAWN BUSHWAY | CYNTHIA LUM | SUE‐MING YANG,Criminology,10.1111/j.1745-9125.2004.tb00521.x,https://doi.org/10.1111/j.1745-9125.2004.tb00521.x,crossref_title_static,Verified via static CrossRef title search (score: 1.00),22.35,0,0,0,0.0,0.0,0.0
"Weisburd, D., W. Bernasco, and G. J. Bruinsma (2009). Putting crime in its place: Units of analysis in geographic criminology. New York, NY: Springer.",book,Putting crime in its place: Units of analysis in geographic criminology,"Weisburd, D. | W. Bernasco | G. J. Bruinsma",2009,,,,,,,,Springer,,,minor_error,0.98,Putting Crime in its Place: Units of Analysis in Geographic Criminology,David Weisburd | Wim Bernasco | Gerben J.N. Bruinsma,Springer,10.1007/978-0-387-09688-9,,SpringerLink book metadata (publisher record; book DOI),"The title and 2009 Springer book match. The Springer page for this book was identified by its DOI, but URL-context retrieval was blocked by robots restrictions; search results exposed the Springer chapter record and the book’s publisher metadata. The specific concrete discrepancy is the order of the named editors: the citation lists Weisburd, Bernasco, Bruinsma, while the publisher’s book material lists Weisburd, Bruinsma, Bernasco. This is the same work with an author/editor-order error.",108.6,76558,665,3,0.001521,0.008,0.009521
"Wheeler, A. P. (2012). The moving home effect: A quasi experiment assessing effect of home location on the offence location. Journal of Quantitative Criminology 28 (4), 587-606.",journal_article,The moving home effect: A quasi experiment assessing effect of home location on the offence location,"Wheeler, A. P.",2012,Journal of Quantitative Criminology,28,4,587-606,,,,,,,verified,1.0,The Moving Home Effect: A Quasi Experiment Assessing Effect of Home Location on the Offence Location,Andrew Wheeler,Journal of Quantitative Criminology,10.1007/s10940-011-9161-7,https://doi.org/10.1007/s10940-011-9161-7,crossref_title_static,Verified via static CrossRef title search (score: 1.00),22.37,0,0,0,0.0,0.0,0.0
"Wheeler, D. C. and L. A. Waller (2009). Comparing spatially varying coefficient models: A case study examining violent crime rates and their relationships to alcohol outlets and illegal drug arrests. Journal of Geographical Systems 11 (1), 1-22.",journal_article,Comparing spatially varying coefficient models: A case study examining violent crime rates and their relationships to alcohol outlets and illegal drug arrests,"Wheeler, D. C. | Waller, L. A.",2009,Journal of Geographical Systems,11,1,1-22,,,,,,,verified,1.0,Comparing spatially varying coefficient models: a case study examining violent crime rates and their relationships to alcohol outlets and illegal drug arrests,David C. Wheeler | Lance A. Waller,Journal of Geographical Systems,10.1007/s10109-008-0073-5,https://doi.org/10.1007/s10109-008-0073-5,crossref_title_static,Verified via static CrossRef title search (score: 1.00),22.49,0,0,0,0.0,0.0,0.0
"White, G. F., R. R. Gainey, and R. A. Triplett (2012). Alcohol outlets and neighborhood crime: A longitudinal analysis. Crime & Delinquency, Online First.",journal_article,Alcohol outlets and neighborhood crime: A longitudinal analysis,"White, G. F. | Gainey, R. R. | Triplett, R. A.",2012,Crime & Delinquency,,,,,,,,,,verified,1.0,Alcohol Outlets and Neighborhood Crime: A Longitudinal Analysis,Garland F. White | Randy R. Gainey | Ruth A. Triplett,Crime &amp; Delinquency,10.1177/0011128712466386,https://doi.org/10.1177/0011128712466386,crossref_title_static,Verified via static CrossRef title search (score: 1.00),23.07,0,0,0,0.0,0.0,0.0
"Wilcox, P. and J. E. Eck (2011). Criminology of the unpopular. Criminology & Public Policy 10 (2), 473-482.",journal_article,Criminology of the unpopular,"Wilcox, P. | Eck, J. E.",2011,Criminology & Public Policy,10,2,473-482,,,,,,,verified,0.99,Criminology of the unpopular,Pamela Wilcox | John E. Eck,Criminology & Public Policy,10.1111/j.1745-9133.2011.00721.x,https://onlinelibrary.wiley.com/doi/abs/10.1111/j.1745-9133.2011.00721.x,Wiley Online Library,"The Wiley Online Library article page directly confirms the cited title, authors, venue, volume 10, issue 2, and pages 473–482. The citation matches the publisher’s own recommended citation. No substantive discrepancy found.",69.57,54754,413,1,0.002689,0.003,0.005689
"Wilcox, P., N. Quisenberry, D. T. Cabrera, and S. Jones (2004). Busy places and broken windows? Toward defining the role of physical structure and process in community crime models. Sociological Quarterly 45 (2), 185-207.",journal_article,Busy places and broken windows? Toward defining the role of physical structure and process in community crime models,"Wilcox, P. | Quisenberry, N. | Cabrera, D. T. | Jones, S.",2004,Sociological Quarterly,45,2,185-207,,,,,,,verified,1.0,Busy Places and Broken Windows? Toward Defining the Role of Physical Structure and Process in Community Crime Models,Pamela Wilcox | Neil Quisenberry | Debra T. Cabrera | Shayne Jones,The Sociological Quarterly,10.1525/tsq.2004.45.2.185,https://doi.org/10.1525/tsq.2004.45.2.185,crossref_title_static,Verified via static CrossRef title search (score: 1.00),23.14,0,0,0,0.0,0.0,0.0
"Wilson, J. Q. and G. L. Kelling (1982). The police and neighborhood safety: Broken windows. Atlantic Monthly 127, 29-38.",journal_article,The police and neighborhood safety: Broken windows,"Wilson, J. Q. | Kelling, G. L.",1982,Atlantic Monthly,127,,29-38,,,,,,,minor_error,0.99,The police and neighborhood safety,James Q. Wilson | George L. Kelling,The Atlantic Monthly,,https://www.theatlantic.com/past/politics/crime/windows.htm,The Atlantic,"The Atlantic’s own article page directly confirms the March 1982 article, its authors, and its issue details: Volume 249, No. 3, pages 29–38. The cited title adds “Broken windows” after a colon; the publisher page displays the article heading as “Broken Windows” and the subtitle as “The police and neighborhood safety.” The raw citation also gives volume 127, whereas the publisher record gives volume 249. These are concrete title and volume discrepancies for the same article, so the status is minor_error. The separate required coordinates search for “Atlantic Monthly 127 29 1982 Wilson Kelling Broken Windows” did not yield a primary record supporting volume 127; the Atlantic’s direct record identifies the article as volume 249. Source: https://www.theatlantic.com/past/politics/crime/windows.htm",69.34,58782,539,1,0.001713,0.003,0.004713
"Wood, D. (1991). In Defense of Indefensible Space. In P. J. Brantingham and P. L. Brantingham (Eds.), Environmental Criminology, pp. 77-95. Thousand Oaks, CA: Waveland Press.",book_chapter,In Defense of Indefensible Space,"Wood, D.",1991,,,,77-95,,,Environmental Criminology,Waveland Press,,,minor_error,0.99,In Defense of Indefensible Space,Denis Wood,"Environmental Criminology, Sage Publications",,http://www.deniswood.net/content/ShadowedSpaces.pdf,Denis Wood (author-hosted chapter document); National Library of Australia catalog,"Primary-source evidence identifies the same chapter but establishes a concrete bibliographic error: Denis Wood’s own document states that it appeared in Paul J. and Patricia Brantingham, eds., Environmental Criminology, Sage Publications, Beverly Hills, 1981, pp. 77–95. The National Library of Australia’s catalog record independently lists the chapter by Denis Wood in Environmental Criminology and gives the book’s publisher as Sage Publications and publication date as 1981. The citation’s Waveland Press and 1991 details therefore do not match the documented publication. Title, author, and page range match; this is the same underlying work.",87.49,60010,778,1,0.002012,0.003,0.005012
"Wortley, R. and M. McFarlane (2011). The role of territoriality in crime prevention: A field experiment. Security Journal 24 (2), 149-156.",journal_article,The role of territoriality in crime prevention: A field experiment,"Wortley, R. | McFarlane, M.",2011,Security Journal,24,2,149-156,,,,,,,verified,0.99,The role of territoriality in crime prevention: A field experiment,Richard Wortley | Matthew McFarlane,Security Journal,10.1057/sj.2009.22,https://link.springer.com/article/10.1057/sj.2009.22,SpringerLink (publisher article page),"The direct SpringerLink/DOI landing page confirms the article title, authors, Security Journal volume 24, pages 149–156, and 2011 publication year. No substantive discrepancy found.",68.34,52287,379,1,0.00097,0.003,0.00397
"Wright, S. (1934). The method of path coefficients. The Annals of Mathematical Statistics 5 (3), 161-215.",journal_article,The method of path coefficients,"Wright, S.",1934,The Annals of Mathematical Statistics,5,3,161-215,,,,,,,verified,1.0,The Method of Path Coefficients,Sewall Wright,The Annals of Mathematical Statistics,10.1214/aoms/1177732676,https://doi.org/10.1214/aoms/1177732676,crossref_title_static,Verified via static CrossRef title search (score: 1.00),23.56,0,0,0,0.0,0.0,0.0
"Wyant, B. R., R. B. Taylor, J. H. Ratcliffe, and J. Wood (2011). Deterrence, firearm arrests, and subsequent shootings: A micro-level spatio-temporal analysis. Justice Quarterly 29 (4), 524-545.",journal_article,"Deterrence, firearm arrests, and subsequent shootings: A micro-level spatio-temporal analysis","Wyant, B. R. | Taylor, R. B. | Ratcliffe, J. H. | Wood, J.",2011,Justice Quarterly,29,4,524-545,,,,,,,minor_error,1.0,"Deterrence, Firearm Arrests, and Subsequent Shootings: A Micro-Level Spatio-Temporal Analysis",Brian R. Wyant | Ralph B. Taylor | Jerry H. Ratcliffe | Jennifer Wood,Justice Quarterly,10.1080/07418825.2011.576689,https://doi.org/10.1080/07418825.2011.576689,crossref_title_static,"Verified via static CrossRef title search (score: 1.00) Same work identified, but the citation year (2011) does not match the volume/issue (published-print) year (2012) while volume/article coordinates are present — typically online-first vs issue year; minor_error.",23.53,0,0,0,0.0,0.0,0.0
"Yang, S. (2010). Assessing the spatial-temporal relationship between disorder and violence. Journal of Quantitative Criminology 26 (1), 139-163.",journal_article,Assessing the spatial-temporal relationship between disorder and violence,"Yang, S.",2010,Journal of Quantitative Criminology,26,1,139-163,,,,,,,verified,1.0,Assessing the Spatial–Temporal Relationship Between Disorder and Violence,Sue-Ming Yang,Journal of Quantitative Criminology,10.1007/s10940-009-9085-7,https://doi.org/10.1007/s10940-009-9085-7,crossref_title_static,Verified via static CrossRef title search (score: 1.00),23.42,0,0,0,0.0,0.0,0.0
"Young, L. J., C. A. Gotway, J. Yang, G. Kearney, and C. DuClos (2009). Linking health and environmental data in geographical analysis: It’s so much more than centroids. Spatial and Spatio-temporal Epidemiology 1 (1), 73-84.",journal_article,Linking health and environmental data in geographical analysis: It’s so much more than centroids,"Young, L. J. | Gotway, C. A. | Yang, J. | Kearney, G. | DuClos, C.",2009,Spatial and Spatio-temporal Epidemiology,1,1,73-84,,,,,,,verified,1.0,Linking health and environmental data in geographical analysis: It’s so much more than centroids,Linda J. Young | Carol A. Gotway | Jie Yang | Greg Kearney | Chris DuClos,Spatial and Spatio-temporal Epidemiology,10.1016/j.sste.2009.07.008,https://doi.org/10.1016/j.sste.2009.07.008,crossref_title_static,Verified via static CrossRef title search (score: 1.00),23.47,0,0,0,0.0,0.0,0.0
"Zhu, L., D. Gorman, and S. Horel (2006). Hierarchical Bayesian spatial models for alchohol availability, drug “hot spots” and violent crime. International Journal of Health Geographics 5 (1).",journal_article,"Hierarchical Bayesian spatial models for alchohol availability, drug “hot spots” and violent crime","Zhu, L. | Gorman, D. | Horel, S.",2006,International Journal of Health Geographics,5,1,,,,,,,,minor_error,0.99,"Hierarchical Bayesian spatial models for alcohol availability, drug ""hot spots"" and violent crime",Li Zhu | Dennis M. Gorman | Scott Horel,International Journal of Health Geographics,10.1186/1476-072X-5-54,https://ij-healthgeographics.biomedcentral.com/articles/10.1186/1476-072X-5-54,BioMed Central / International Journal of Health Geographics publisher article page,"The publisher’s article page directly confirms the cited work, authors, journal, volume 5, and year 2006; it gives article number 54. The citation has one title spelling error: “alchohol” should be “alcohol.” This is a title-word spelling mismatch, so the work is the same but the citation has a minor error. The issue notation (5 (1)) is consistent with the article’s location; the publisher presents the locator as volume 5, article 54. DOI: 10.1186/1476-072X-5-54.",68.66,60135,663,2,0.001822,0.0055,0.007322
"Zhu, L., D. M. Gorman, and S. A. Horel (2004). Alcohol outlet density and violence: A geospatial analysis. Alcohol and Alcoholism 39 (4), 369-375.",journal_article,Alcohol outlet density and violence: A geospatial analysis,"Zhu, L. | Gorman, D. M. | Horel, S. A.",2004,Alcohol and Alcoholism,39,4,369-375,,,,,,,minor_error,0.99,ALCOHOL OUTLET DENSITY AND VIOLENCE: A GEOSPATIAL ANALYSIS,L. Zhu | D. M. Gorman | S. Horel,Alcohol and Alcoholism,10.1093/alcalc/agh062,https://academic.oup.com/alcalc/article-abstract/39/4/369/139368?redirectedFrom=fulltext,Oxford Academic (publisher),"The Oxford Academic publisher page and DOI landing page directly confirm the article, journal, volume 39, issue 4, 2004, and pages 369–375. Title and venue match. The publisher lists authors L. Zhu, D. M. Gorman, and S. Horel; the citation gives S. A. Horel, a conflicting middle initial, so this is the same work with a concrete author-initial error. DOI: 10.1093/alcalc/agh062.",70.13,53315,506,1,0.001146,0.003,0.004146
"Zimbardo, P. G. (1973). A field experiment in auto shaping. In C. Ward (Ed.), Vandalism, pp. 85-90. London: The Architectural Press.",book_chapter,A field experiment in auto shaping,"Zimbardo, P. G.",1973,,,,85-90,,,Vandalism,The Architectural Press,,,verified,0.98,A field experiment in autoshaping,Philip G. Zimbardo,Vandalism,,,"Philip G. Zimbardo, Publications and Reports (author’s official publication list)","Verified against Philip G. Zimbardo’s own Publications and Reports PDF, which lists the chapter as “A field experiment in autoshaping,” in C. Ward (Ed.), Vandalism, pp. 85–90, London: Architectural Press (1973). The cited “auto shaping” differs from the source’s “autoshaping” by spacing only. The directly fetched Google Books record independently confirms Vandalism, editor Colin Ward, Architectural Press, 1973. The chapter identity and bibliographic details match; the spelling/spacing variation is not a substantive error.",88.91,90678,602,2,0.003437,0.0055,0.008937
